Workbook

Sheet Billetes_Brutos
A1: id_billete | B1: id_cliente | C1: nombre_cliente | D1: correo | E1: fecha_nacimiento | F1: tipo_cliente | G1: estacion_salida | H1: estacion_llegada | I1: fecha_viaje | J1: clase | K1: estado | L1: precio | M1: fecha_compra | N1: Duplicado | O1: Clase_Uniforme | P1: Correo_Estado | Q1: Precio_Estado
A2: 1047 | B2: 22 | C2: Santiago Sanchez | D2: santiago.sanchez22@correo.co | E2: 11/01/1974 | F2: Ocasional | G2: Cartagena | H2: Bucaramanga | I2: 13/03/2026 | J2: segunda | K2: Pagado | L2: 47800 | M2: 19/12/2025 | N2: =IF(COUNTIF($A$2:A2,A2)>1,"Si","No") -> No | O2: =VLOOKUP(J2,Referencias!$A$2:$B$7,2,FALSE()) -> Segunda | P2: =IF(D2="","Faltante","OK") -> OK | Q2: =IF(L2="","Faltante","OK") -> OK
A3: 1079 | B3: 45 | C3: Gabriela Perez | D3: gabriela.perez45@correo.co | E3: 21/03/1992 | F3: Abonado | G3: Manizales | H3: Pereira | I3: 13/03/2026 | J3: 1era | K3: Pagado | L3: 167300 | M3: 31/12/2025 | N3: =IF(COUNTIF($A$2:A3,A3)>1,"Si","No") -> No | O3: =VLOOKUP(J3,Referencias!$A$2:$B$7,2,FALSE()) -> Primera | P3: =IF(D3="","Faltante","OK") -> OK | Q3: =IF(L3="","Faltante","OK") -> OK
A4: 1016 | B4: 60 | C4: Mateo Sanchez | D4: mateo.sanchez60@correo.co | E4: 14/10/1963 | F4: Abonado | G4: Santa Marta | H4: Bogota Central | I4: 24/01/2026 | J4: 1ra | K4: Pagado | L4: 103800 | M4: 11/02/2026 | N4: =IF(COUNTIF($A$2:A4,A4)>1,"Si","No") -> No | O4: =VLOOKUP(J4,Referencias!$A$2:$B$7,2,FALSE()) -> Primera | P4: =IF(D4="","Faltante","OK") -> OK | Q4: =IF(L4="","Faltante","OK") -> OK
A5: 1057 | B5: 29 | C5: Mateo Torres | E5: 01/12/1983 | F5: Ocasional | G5: Bogota Central | H5: Medellin | I5: 28/02/2026 | J5: 2nda | K5: Anulado | L5: 306500 | M5: 15/05/2026 | N5: =IF(COUNTIF($A$2:A5,A5)>1,"Si","No") -> No | O5: =VLOOKUP(J5,Referencias!$A$2:$B$7,2,FALSE()) -> Segunda | P5: =IF(D5="","Faltante","OK") -> Faltante | Q5: =IF(L5="","Faltante","OK") -> OK
A6: 1076 | B6: 36 | C6: Daniela Rodriguez | D6: daniela.rodriguez36@correo.co | F6: Abonado | G6: Manizales | H6: Bucaramanga | I6: 22/06/2026 | J6: 2nda | K6: Pagado | L6: 271200 | M6: 04/02/2026 | N6: =IF(COUNTIF($A$2:A6,A6)>1,"Si","No") -> No | O6: =VLOOKUP(J6,Referencias!$A$2:$B$7,2,FALSE()) -> Segunda | P6: =IF(D6="","Faltante","OK") -> OK | Q6: =IF(L6="","Faltante","OK") -> OK
A7: 1022 | B7: 24 | C7: Sofia Martinez | D7: sofia.martinez24@correo.co | E7: 20/02/1982 | F7: Abonado | G7: Santa Marta | H7: Cartagena | I7: 19/06/2026 | J7: 1era | K7: Reembolsado | L7: 76700 | M7: 28/11/2025 | N7: =IF(COUNTIF($A$2:A7,A7)>1,"Si","No") -> No | O7: =VLOOKUP(J7,Referencias!$A$2:$B$7,2,FALSE()) -> Primera | P7: =IF(D7="","Faltante","OK") -> OK | Q7: =IF(L7="","Faltante","OK") -> OK
A8: 1065 | B8: 56 | C8: Sebastian Hernandez | D8: sebastian.hernandez56@correo.co | E8: 08/11/1991 | F8: Abonado | G8: Bucaramanga | H8: Manizales | I8: 30/06/2026 | J8: 2da | K8: Pagado | L8: 270700 | M8: 09/12/2025 | N8: =IF(COUNTIF($A$2:A8,A8)>1,"Si","No") -> No | O8: =VLOOKUP(J8,Referencias!$A$2:$B$7,2,FALSE()) -> Segunda | P8: =IF(D8="","Faltante","OK") -> OK | Q8: =IF(L8="","Faltante","OK") -> OK
A9: 1004 | B9: 24 | C9: Daniela Hernandez | D9: daniela.hernandez24@correo.co | E9: 28/05/1961 | F9: Abonado | G9: Santa Marta | H9: Barranquilla | I9: 11/02/2026 | J9: 2da | K9: Pagado | L9: 221000 | M9: 23/03/2026 | N9: =IF(COUNTIF($A$2:A9,A9)>1,"Si","No") -> No | O9: =VLOOKUP(J9,Referencias!$A$2:$B$7,2,FALSE()) -> Segunda | P9: =IF(D9="","Faltante","OK") -> OK | Q9: =IF(L9="","Faltante","OK") -> OK
A10: 1115 | B10: 51 | C10: Mateo Gonzalez | D10: mateo.gonzalez51@correo.co | E10: 19/04/1964 | F10: Ocasional | G10: Cali | H10: Bogota Central | I10: 01/04/2026 | J10: segunda | K10: Pagado | L10: 273400 | M10: 25/04/2026 | N10: =IF(COUNTIF($A$2:A10,A10)>1,"Si","No") -> No | O10: =VLOOKUP(J10,Referencias!$A$2:$B$7,2,FALSE()) -> Segunda | P10: =IF(D10="","Faltante","OK") -> OK | Q10: =IF(L10="","Faltante","OK") -> OK
A11: 1064 | B11: 47 | C11: Sofia Torres | D11: sofia.torres47@correo.co | E11: 01/05/1968 | F11: Ocasional | G11: Santa Marta | H11: Manizales | I11: 30/03/2026 | J11: primera | K11: Pagado | L11: 170200 | M11: 22/01/2026 | N11: =IF(COUNTIF($A$2:A11,A11)>1,"Si","No") -> No | O11: =VLOOKUP(J11,Referencias!$A$2:$B$7,2,FALSE()) -> Primera | P11: =IF(D11="","Faltante","OK") -> OK | Q11: =IF(L11="","Faltante","OK") -> OK
A12: 1067 | B12: 5 | C12: Paula Lopez | D12: paula.lopez5@correo.co | E12: 16/03/1962 | F12: Ocasional | G12: Santa Marta | H12: Pereira | I12: 23/03/2026 | J12: 2nda | K12: Pagado | L12: 284900 | M12: 10/11/2025 | N12: =IF(COUNTIF($A$2:A12,A12)>1,"Si","No") -> No | O12: =VLOOKUP(J12,Referencias!$A$2:$B$7,2,FALSE()) -> Segunda | P12: =IF(D12="","Faltante","OK") -> OK | Q12: =IF(L12="","Faltante","OK") -> OK
A13: 1007 | B13: 24 | C13: Maria Martinez | D13: maria.martinez24@correo.co | F13: Abonado | G13: Medellin | H13: Cali | I13: 10/06/2026 | J13: 1ra | K13: Anulado | L13: 62500 | M13: 06/02/2026 | N13: =IF(COUNTIF($A$2:A13,A13)>1,"Si","No") -> No | O13: =VLOOKUP(J13,Referencias!$A$2:$B$7,2,FALSE()) -> Primera | P13: =IF(D13="","Faltante","OK") -> OK | Q13: =IF(L13="","Faltante","OK") -> OK
A14: 1089 | B14: 55 | C14: Isabella Gonzalez | D14: isabella.gonzalez55@correo.co | E14: 29/12/1979 | F14: Abonado | G14: Pereira | H14: Santa Marta | I14: 09/06/2026 | J14: segunda | K14: Pagado | L14: 212500 | M14: 18/04/2026 | N14: =IF(COUNTIF($A$2:A14,A14)>1,"Si","No") -> No | O14: =VLOOKUP(J14,Referencias!$A$2:$B$7,2,FALSE()) -> Segunda | P14: =IF(D14="","Faltante","OK") -> OK | Q14: =IF(L14="","Faltante","OK") -> OK
A15: 1054 | B15: 14 | C15: Sebastian Lopez | D15: sebastian.lopez14@correo.co | E15: 05/08/1970 | F15: Abonado | G15: Cali | H15: Bogota Central | I15: 15/04/2026 | J15: 2da | K15: Pagado | L15: 54000 | M15: 13/01/2026 | N15: =IF(COUNTIF($A$2:A15,A15)>1,"Si","No") -> No | O15: =VLOOKUP(J15,Referencias!$A$2:$B$7,2,FALSE()) -> Segunda | P15: =IF(D15="","Faltante","OK") -> OK | Q15: =IF(L15="","Faltante","OK") -> OK
A16: 1070 | B16: 40 | C16: Andres Torres | D16: andres.torres40@correo.co | E16: 03/11/1967 | F16: Abonado | G16: Manizales | H16: Cartagena | I16: 28/04/2026 | J16: primera | K16: Pagado | L16: 172900 | M16: 13/01/2026 | N16: =IF(COUNTIF($A$2:A16,A16)>1,"Si","No") -> No | O16: =VLOOKUP(J16,Referencias!$A$2:$B$7,2,FALSE()) -> Primera | P16: =IF(D16="","Faltante","OK") -> OK | Q16: =IF(L16="","Faltante","OK") -> OK
A17: 1084 | B17: 3 | C17: David Lopez | D17: david.lopez3@correo.co | E17: 16/06/1960 | F17: Ocasional | G17: Pereira | H17: Cucuta | I17: 25/06/2026 | J17: 1era | K17: Pagado | L17: 65200 | M17: 21/11/2025 | N17: =IF(COUNTIF($A$2:A17,A17)>1,"Si","No") -> No | O17: =VLOOKUP(J17,Referencias!$A$2:$B$7,2,FALSE()) -> Primera | P17: =IF(D17="","Faltante","OK") -> OK | Q17: =IF(L17="","Faltante","OK") -> OK
A18: 1060 | B18: 17 | C18: Juan Rodriguez | D18: juan.rodriguez17@correo.co | E18: 02/03/2001 | F18: Abonado | G18: Santa Marta | H18: Manizales | I18: 16/04/2026 | J18: 1era | K18: Pagado | L18: 253000 | M18: 10/04/2026 | N18: =IF(COUNTIF($A$2:A18,A18)>1,"Si","No") -> No | O18: =VLOOKUP(J18,Referencias!$A$2:$B$7,2,FALSE()) -> Primera | P18: =IF(D18="","Faltante","OK") -> OK | Q18: =IF(L18="","Faltante","OK") -> OK
A19: 1051 | B19: 18 | C19: Valentina Gomez | D19: valentina.gomez18@correo.co | E19: 30/04/1966 | F19: Ocasional | G19: Medellin | H19: Bogota Central | I19: 27/05/2026 | J19: primera | K19: Pagado | L19: 95700 | M19: 14/11/2025 | N19: =IF(COUNTIF($A$2:A19,A19)>1,"Si","No") -> No | O19: =VLOOKUP(J19,Referencias!$A$2:$B$7,2,FALSE()) -> Primera | P19: =IF(D19="","Faltante","OK") -> OK | Q19: =IF(L19="","Faltante","OK") -> OK
A20: 1099 | B20: 42 | C20: Manuela Gonzalez | D20: manuela.gonzalez42@correo.co | E20: 17/07/1968 | F20: Ocasional | G20: Medellin | H20: Manizales | I20: 24/04/2026 | J20: 2nda | K20: Pagado | L20: 60400 | M20: 10/03/2026 | N20: =IF(COUNTIF($A$2:A20,A20)>1,"Si","No") -> No | O20: =VLOOKUP(J20,Referencias!$A$2:$B$7,2,FALSE()) -> Segunda | P20: =IF(D20="","Faltante","OK") -> OK | Q20: =IF(L20="","Faltante","OK") -> OK
A21: 1019 | B21: 33 | C21: Mateo Martinez | F21: Abonado | G21: Pereira | H21: Medellin | I21: 26/05/2026 | J21: 1ra | K21: Pagado | M21: 21/11/2025 | N21: =IF(COUNTIF($A$2:A21,A21)>1,"Si","No") -> No | O21: =VLOOKUP(J21,Referencias!$A$2:$B$7,2,FALSE()) -> Primera | P21: =IF(D21="","Faltante","OK") -> Faltante | Q21: =IF(L21="","Faltante","OK") -> Faltante
A22: 1042 | B22: 31 | C22: Santiago Ramirez | E22: 12/02/1975 | F22: Abonado | G22: Bogota Central | H22: Cucuta | I22: 05/03/2026 | J22: 1ra | K22: Anulado | L22: 110600 | M22: 02/03/2026 | N22: =IF(COUNTIF($A$2:A22,A22)>1,"Si","No") -> No | O22: =VLOOKUP(J22,Referencias!$A$2:$B$7,2,FALSE()) -> Primera | P22: =IF(D22="","Faltante","OK") -> Faltante | Q22: =IF(L22="","Faltante","OK") -> OK
A23: 1113 | B23: 30 | C23: Mateo Rodriguez | D23: mateo.rodriguez30@correo.co | E23: 03/02/2003 | F23: Abonado | G23: Santa Marta | H23: Barranquilla | I23: 06/02/2026 | J23: primera | K23: Pagado | L23: 111200 | M23: 15/02/2026 | N23: =IF(COUNTIF($A$2:A23,A23)>1,"Si","No") -> No | O23: =VLOOKUP(J23,Referencias!$A$2:$B$7,2,FALSE()) -> Primera | P23: =IF(D23="","Faltante","OK") -> OK | Q23: =IF(L23="","Faltante","OK") -> OK
A24: 1134 | B24: 4 | C24: Sofia Sanchez | D24: sofia.sanchez4@correo.co | E24: 21/03/1997 | F24: Ocasional | G24: Santa Marta | H24: Bogota Central | I24: 28/01/2026 | J24: 2da | K24: Pagado | L24: 145600 | M24: 12/02/2026 | N24: =IF(COUNTIF($A$2:A24,A24)>1,"Si","No") -> No | O24: =VLOOKUP(J24,Referencias!$A$2:$B$7,2,FALSE()) -> Segunda | P24: =IF(D24="","Faltante","OK") -> OK | Q24: =IF(L24="","Faltante","OK") -> OK
A25: 1001 | B25: 2 | C25: Gabriela Hernandez | D25: gabriela.hernandez2@correo.co | E25: 20/08/1992 | F25: Abonado | G25: Manizales | H25: Cartagena | I25: 02/01/2026 | J25: 1ra | K25: Pagado | L25: 87800 | M25: 15/05/2026 | N25: =IF(COUNTIF($A$2:A25,A25)>1,"Si","No") -> No | O25: =VLOOKUP(J25,Referencias!$A$2:$B$7,2,FALSE()) -> Primera | P25: =IF(D25="","Faltante","OK") -> OK | Q25: =IF(L25="","Faltante","OK") -> OK
A26: 1009 | B26: 57 | C26: Nicolas Ramirez | D26: nicolas.ramirez57@correo.co | E26: 18/07/1964 | F26: Ocasional | G26: Santa Marta | H26: Barranquilla | I26: 09/02/2026 | J26: primera | K26: Anulado | L26: 259100 | M26: 16/03/2026 | N26: =IF(COUNTIF($A$2:A26,A26)>1,"Si","No") -> No | O26: =VLOOKUP(J26,Referencias!$A$2:$B$7,2,FALSE()) -> Primera | P26: =IF(D26="","Faltante","OK") -> OK | Q26: =IF(L26="","Faltante","OK") -> OK
A27: 1023 | B27: 48 | C27: Gabriela Martinez | D27: gabriela.martinez48@correo.co | E27: 05/10/1985 | F27: Abonado | G27: Cartagena | H27: Santa Marta | I27: 06/05/2026 | J27: primera | K27: Reembolsado | L27: 70400 | M27: 17/02/2026 | N27: =IF(COUNTIF($A$2:A27,A27)>1,"Si","No") -> No | O27: =VLOOKUP(J27,Referencias!$A$2:$B$7,2,FALSE()) -> Primera | P27: =IF(D27="","Faltante","OK") -> OK | Q27: =IF(L27="","Faltante","OK") -> OK
A28: 1039 | B28: 55 | C28: Diego Perez | D28: diego.perez55@correo.co | E28: 15/10/1981 | F28: Ocasional | G28: Pereira | H28: Santa Marta | I28: 20/05/2026 | J28: segunda | K28: Anulado | L28: 120100 | M28: 05/03/2026 | N28: =IF(COUNTIF($A$2:A28,A28)>1,"Si","No") -> No | O28: =VLOOKUP(J28,Referencias!$A$2:$B$7,2,FALSE()) -> Segunda | P28: =IF(D28="","Faltante","OK") -> OK | Q28: =IF(L28="","Faltante","OK") -> OK
A29: 1095 | B29: 26 | C29: Valentina Perez | E29: 01/02/1983 | F29: Ocasional | G29: Cucuta | H29: Pereira | I29: 13/06/2026 | J29: 2da | K29: Pagado | L29: 310700 | M29: 14/12/2025 | N29: =IF(COUNTIF($A$2:A29,A29)>1,"Si","No") -> No | O29: =VLOOKUP(J29,Referencias!$A$2:$B$7,2,FALSE()) -> Segunda | P29: =IF(D29="","Faltante","OK") -> Faltante | Q29: =IF(L29="","Faltante","OK") -> OK
A30: 1075 | B30: 59 | C30: Paula Lopez | D30: paula.lopez59@correo.co | E30: 01/05/1965 | F30: Ocasional | G30: Medellin | H30: Cali | I30: 27/02/2026 | J30: 2nda | K30: Pagado | L30: 311000 | M30: 25/05/2026 | N30: =IF(COUNTIF($A$2:A30,A30)>1,"Si","No") -> No | O30: =VLOOKUP(J30,Referencias!$A$2:$B$7,2,FALSE()) -> Segunda | P30: =IF(D30="","Faltante","OK") -> OK | Q30: =IF(L30="","Faltante","OK") -> OK
A31: 1059 | B31: 27 | C31: Juan Gonzalez | D31: juan.gonzalez27@correo.co | E31: 03/08/1984 | F31: Ocasional | G31: Manizales | H31: Cartagena | I31: 19/06/2026 | J31: 2da | K31: Anulado | L31: 170100 | M31: 20/01/2026 | N31: =IF(COUNTIF($A$2:A31,A31)>1,"Si","No") -> No | O31: =VLOOKUP(J31,Referencias!$A$2:$B$7,2,FALSE()) -> Segunda | P31: =IF(D31="","Faltante","OK") -> OK | Q31: =IF(L31="","Faltante","OK") -> OK
A32: 1116 | B32: 30 | C32: Paula Martinez | D32: paula.martinez30@correo.co | F32: Ocasional | G32: Bogota Central | H32: Cartagena | I32: 21/02/2026 | J32: 1era | K32: Anulado | L32: 131800 | M32: 19/01/2026 | N32: =IF(COUNTIF($A$2:A32,A32)>1,"Si","No") -> No | O32: =VLOOKUP(J32,Referencias!$A$2:$B$7,2,FALSE()) -> Primera | P32: =IF(D32="","Faltante","OK") -> OK | Q32: =IF(L32="","Faltante","OK") -> OK
A33: 1008 | B33: 39 | C33: Julian Ramirez | D33: julian.ramirez39@correo.co | E33: 12/01/1956 | F33: Abonado | G33: Santa Marta | H33: Cartagena | I33: 14/06/2026 | J33: primera | K33: Pagado | L33: 169800 | M33: 04/05/2026 | N33: =IF(COUNTIF($A$2:A33,A33)>1,"Si","No") -> No | O33: =VLOOKUP(J33,Referencias!$A$2:$B$7,2,FALSE()) -> Primera | P33: =IF(D33="","Faltante","OK") -> OK | Q33: =IF(L33="","Faltante","OK") -> OK
A34: 1004 | B34: 24 | C34: Daniela Hernandez | D34: daniela.hernandez24@correo.co | E34: 28/05/1961 | F34: Abonado | G34: Santa Marta | H34: Barranquilla | I34: 11/02/2026 | J34: 2da | K34: Pagado | L34: 221000 | M34: 23/03/2026 | N34: =IF(COUNTIF($A$2:A34,A34)>1,"Si","No") -> Si | O34: =VLOOKUP(J34,Referencias!$A$2:$B$7,2,FALSE()) -> Segunda | P34: =IF(D34="","Faltante","OK") -> OK | Q34: =IF(L34="","Faltante","OK") -> OK
A35: 1138 | B35: 33 | C35: David Ramirez | D35: david.ramirez33@correo.co | E35: 09/08/1997 | F35: Abonado | G35: Bucaramanga | H35: Cucuta | I35: 22/06/2026 | J35: 1era | K35: Reembolsado | L35: 264100 | M35: 05/05/2026 | N35: =IF(COUNTIF($A$2:A35,A35)>1,"Si","No") -> No | O35: =VLOOKUP(J35,Referencias!$A$2:$B$7,2,FALSE()) -> Primera | P35: =IF(D35="","Faltante","OK") -> OK | Q35: =IF(L35="","Faltante","OK") -> OK
A36: 1011 | B36: 53 | C36: Mateo Ramirez | D36: mateo.ramirez53@correo.co | E36: 22/08/1997 | F36: Abonado | G36: Cartagena | H36: Santa Marta | I36: 05/06/2026 | J36: 2da | K36: Reembolsado | L36: 252700 | M36: 26/04/2026 | N36: =IF(COUNTIF($A$2:A36,A36)>1,"Si","No") -> No | O36: =VLOOKUP(J36,Referencias!$A$2:$B$7,2,FALSE()) -> Segunda | P36: =IF(D36="","Faltante","OK") -> OK | Q36: =IF(L36="","Faltante","OK") -> OK
A37: 1002 | B37: 22 | C37: Isabella Rodriguez | D37: isabella.rodriguez22@correo.co | E37: 09/11/1985 | F37: Ocasional | G37: Bogota Central | H37: Manizales | I37: 18/05/2026 | J37: 1era | K37: Reembolsado | L37: 196800 | M37: 01/06/2026 | N37: =IF(COUNTIF($A$2:A37,A37)>1,"Si","No") -> No | O37: =VLOOKUP(J37,Referencias!$A$2:$B$7,2,FALSE()) -> Primera | P37: =IF(D37="","Faltante","OK") -> OK | Q37: =IF(L37="","Faltante","OK") -> OK
A38: 1072 | B38: 37 | C38: Daniela Torres | D38: daniela.torres37@correo.co | E38: 19/12/1956 | F38: Ocasional | G38: Cartagena | H38: Bogota Central | I38: 25/05/2026 | J38: 2nda | K38: Anulado | L38: 295400 | M38: 10/05/2026 | N38: =IF(COUNTIF($A$2:A38,A38)>1,"Si","No") -> No | O38: =VLOOKUP(J38,Referencias!$A$2:$B$7,2,FALSE()) -> Segunda | P38: =IF(D38="","Faltante","OK") -> OK | Q38: =IF(L38="","Faltante","OK") -> OK
A39: 1014 | B39: 37 | C39: Diego Sanchez | D39: diego.sanchez37@correo.co | E39: 09/07/1991 | F39: Abonado | G39: Medellin | H39: Cucuta | I39: 18/06/2026 | J39: 2da | K39: Pagado | L39: 282600 | M39: 14/11/2025 | N39: =IF(COUNTIF($A$2:A39,A39)>1,"Si","No") -> No | O39: =VLOOKUP(J39,Referencias!$A$2:$B$7,2,FALSE()) -> Segunda | P39: =IF(D39="","Faltante","OK") -> OK | Q39: =IF(L39="","Faltante","OK") -> OK
A40: 1119 | B40: 35 | C40: Sofia Gonzalez | E40: 10/07/1981 | F40: Ocasional | G40: Manizales | H40: Pereira | I40: 12/02/2026 | J40: 2nda | K40: Pagado | L40: 244900 | M40: 22/06/2026 | N40: =IF(COUNTIF($A$2:A40,A40)>1,"Si","No") -> No | O40: =VLOOKUP(J40,Referencias!$A$2:$B$7,2,FALSE()) -> Segunda | P40: =IF(D40="","Faltante","OK") -> Faltante | Q40: =IF(L40="","Faltante","OK") -> OK
A41: 1133 | B41: 49 | C41: Camila Sanchez | D41: camila.sanchez49@correo.co | E41: 06/09/1982 | F41: Ocasional | G41: Bogota Central | H41: Medellin | I41: 11/04/2026 | J41: segunda | K41: Pagado | L41: 205400 | M41: 13/11/2025 | N41: =IF(COUNTIF($A$2:A41,A41)>1,"Si","No") -> No | O41: =VLOOKUP(J41,Referencias!$A$2:$B$7,2,FALSE()) -> Segunda | P41: =IF(D41="","Faltante","OK") -> OK | Q41: =IF(L41="","Faltante","OK") -> OK
A42: 1003 | B42: 41 | C42: Manuela Gonzalez | D42: manuela.gonzalez41@correo.co | E42: 10/02/1959 | F42: Abonado | G42: Cartagena | H42: Medellin | I42: 01/03/2026 | J42: 1era | K42: Pagado | L42: 274400 | M42: 12/12/2025 | N42: =IF(COUNTIF($A$2:A42,A42)>1,"Si","No") -> No | O42: =VLOOKUP(J42,Referencias!$A$2:$B$7,2,FALSE()) -> Primera | P42: =IF(D42="","Faltante","OK") -> OK | Q42: =IF(L42="","Faltante","OK") -> OK
A43: 1046 | B43: 52 | C43: Gabriela Sanchez | D43: gabriela.sanchez52@correo.co | E43: 29/01/1979 | F43: Ocasional | G43: Barranquilla | H43: Medellin | I43: 13/03/2026 | J43: 2da | K43: Pagado | L43: 212800 | M43: 06/02/2026 | N43: =IF(COUNTIF($A$2:A43,A43)>1,"Si","No") -> No | O43: =VLOOKUP(J43,Referencias!$A$2:$B$7,2,FALSE()) -> Segunda | P43: =IF(D43="","Faltante","OK") -> OK | Q43: =IF(L43="","Faltante","OK") -> OK
A44: 1130 | B44: 27 | C44: Manuela Gomez | D44: manuela.gomez27@correo.co | E44: 26/12/1980 | F44: Ocasional | G44: Manizales | H44: Barranquilla | I44: 25/06/2026 | J44: 2da | K44: Pagado | L44: 61500 | M44: 21/02/2026 | N44: =IF(COUNTIF($A$2:A44,A44)>1,"Si","No") -> No | O44: =VLOOKUP(J44,Referencias!$A$2:$B$7,2,FALSE()) -> Segunda | P44: =IF(D44="","Faltante","OK") -> OK | Q44: =IF(L44="","Faltante","OK") -> OK
A45: 1020 | B45: 27 | C45: Diego Torres | D45: diego.torres27@correo.co | E45: 29/04/1973 | F45: Ocasional | G45: Barranquilla | H45: Cartagena | I45: 12/04/2026 | J45: 1ra | K45: Pagado | L45: 131900 | M45: 12/05/2026 | N45: =IF(COUNTIF($A$2:A45,A45)>1,"Si","No") -> No | O45: =VLOOKUP(J45,Referencias!$A$2:$B$7,2,FALSE()) -> Primera | P45: =IF(D45="","Faltante","OK") -> OK | Q45: =IF(L45="","Faltante","OK") -> OK
A46: 1085 | B46: 21 | C46: Manuela Martinez | E46: 12/03/2004 | F46: Ocasional | G46: Pereira | H46: Santa Marta | I46: 17/03/2026 | J46: 2da | K46: Pagado | L46: 263100 | M46: 30/11/2025 | N46: =IF(COUNTIF($A$2:A46,A46)>1,"Si","No") -> No | O46: =VLOOKUP(J46,Referencias!$A$2:$B$7,2,FALSE()) -> Segunda | P46: =IF(D46="","Faltante","OK") -> Faltante | Q46: =IF(L46="","Faltante","OK") -> OK
A47: 1012 | B47: 13 | C47: Sofia Perez | D47: sofia.perez13@correo.co | E47: 21/04/1994 | F47: Ocasional | G47: Medellin | H47: Barranquilla | I47: 27/02/2026 | J47: 1era | K47: Pagado | L47: 108300 | M47: 27/12/2025 | N47: =IF(COUNTIF($A$2:A47,A47)>1,"Si","No") -> No | O47: =VLOOKUP(J47,Referencias!$A$2:$B$7,2,FALSE()) -> Primera | P47: =IF(D47="","Faltante","OK") -> OK | Q47: =IF(L47="","Faltante","OK") -> OK
A48: 1055 | B48: 46 | C48: Sofia Sanchez | E48: 25/09/1978 | F48: Abonado | G48: Pereira | H48: Medellin | I48: 20/05/2026 | J48: 1ra | K48: Pagado | L48: 272300 | M48: 19/11/2025 | N48: =IF(COUNTIF($A$2:A48,A48)>1,"Si","No") -> No | O48: =VLOOKUP(J48,Referencias!$A$2:$B$7,2,FALSE()) -> Primera | P48: =IF(D48="","Faltante","OK") -> Faltante | Q48: =IF(L48="","Faltante","OK") -> OK
A49: 1118 | B49: 26 | C49: Julian Perez | D49: julian.perez26@correo.co | E49: 20/08/1999 | F49: Ocasional | G49: Santa Marta | H49: Cartagena | I49: 22/01/2026 | J49: 2nda | K49: Pagado | L49: 318700 | M49: 17/12/2025 | N49: =IF(COUNTIF($A$2:A49,A49)>1,"Si","No") -> No | O49: =VLOOKUP(J49,Referencias!$A$2:$B$7,2,FALSE()) -> Segunda | P49: =IF(D49="","Faltante","OK") -> OK | Q49: =IF(L49="","Faltante","OK") -> OK
A50: 1058 | B50: 44 | C50: Nicolas Torres | E50: 18/03/1997 | F50: Ocasional | G50: Cartagena | H50: Cali | I50: 30/05/2026 | J50: 2da | K50: Pagado | L50: 70100 | M50: 29/01/2026 | N50: =IF(COUNTIF($A$2:A50,A50)>1,"Si","No") -> No | O50: =VLOOKUP(J50,Referencias!$A$2:$B$7,2,FALSE()) -> Segunda | P50: =IF(D50="","Faltante","OK") -> Faltante | Q50: =IF(L50="","Faltante","OK") -> OK
A51: 1041 | B51: 9 | C51: Julian Martinez | E51: 27/12/1973 | F51: Ocasional | G51: Bucaramanga | H51: Cucuta | I51: 08/04/2026 | J51: primera | K51: Anulado | L51: 114400 | M51: 21/11/2025 | N51: =IF(COUNTIF($A$2:A51,A51)>1,"Si","No") -> No | O51: =VLOOKUP(J51,Referencias!$A$2:$B$7,2,FALSE()) -> Primera | P51: =IF(D51="","Faltante","OK") -> Faltante | Q51: =IF(L51="","Faltante","OK") -> OK
A52: 1077 | B52: 7 | C52: Maria Sanchez | E52: 14/05/2005 | F52: Ocasional | G52: Cucuta | H52: Barranquilla | I52: 15/06/2026 | J52: 1era | K52: Pagado | L52: 237800 | M52: 16/04/2026 | N52: =IF(COUNTIF($A$2:A52,A52)>1,"Si","No") -> No | O52: =VLOOKUP(J52,Referencias!$A$2:$B$7,2,FALSE()) -> Primera | P52: =IF(D52="","Faltante","OK") -> Faltante | Q52: =IF(L52="","Faltante","OK") -> OK
A53: 1081 | B53: 42 | C53: Manuela Gomez | E53: 19/04/1966 | F53: Abonado | G53: Medellin | H53: Santa Marta | I53: 23/02/2026 | J53: segunda | K53: Pagado | L53: 135400 | M53: 08/12/2025 | N53: =IF(COUNTIF($A$2:A53,A53)>1,"Si","No") -> No | O53: =VLOOKUP(J53,Referencias!$A$2:$B$7,2,FALSE()) -> Segunda | P53: =IF(D53="","Faltante","OK") -> Faltante | Q53: =IF(L53="","Faltante","OK") -> OK
A54: 1094 | B54: 19 | C54: Juan Rodriguez | E54: 06/10/1970 | F54: Abonado | G54: Pereira | H54: Santa Marta | I54: 30/06/2026 | J54: 1ra | K54: Pagado | L54: 266700 | M54: 19/11/2025 | N54: =IF(COUNTIF($A$2:A54,A54)>1,"Si","No") -> No | O54: =VLOOKUP(J54,Referencias!$A$2:$B$7,2,FALSE()) -> Primera | P54: =IF(D54="","Faltante","OK") -> Faltante | Q54: =IF(L54="","Faltante","OK") -> OK
A55: 1000 | B55: 41 | C55: Isabella Gomez | D55: isabella.gomez41@correo.co | E55: 09/07/1967 | F55: Abonado | G55: Santa Marta | H55: Medellin | I55: 01/06/2026 | J55: 2da | K55: Pagado | L55: 109000 | M55: 04/04/2026 | N55: =IF(COUNTIF($A$2:A55,A55)>1,"Si","No") -> No | O55: =VLOOKUP(J55,Referencias!$A$2:$B$7,2,FALSE()) -> Segunda | P55: =IF(D55="","Faltante","OK") -> OK | Q55: =IF(L55="","Faltante","OK") -> OK
A56: 1008 | B56: 39 | C56: Julian Ramirez | D56: julian.ramirez39@correo.co | E56: 12/01/1956 | F56: Abonado | G56: Santa Marta | H56: Cartagena | I56: 14/06/2026 | J56: primera | K56: Pagado | L56: 169800 | M56: 04/05/2026 | N56: =IF(COUNTIF($A$2:A56,A56)>1,"Si","No") -> Si | O56: =VLOOKUP(J56,Referencias!$A$2:$B$7,2,FALSE()) -> Primera | P56: =IF(D56="","Faltante","OK") -> OK | Q56: =IF(L56="","Faltante","OK") -> OK
A57: 1049 | B57: 24 | C57: Paula Ramirez | D57: paula.ramirez24@correo.co | E57: 18/05/2004 | F57: Ocasional | G57: Bucaramanga | H57: Manizales | I57: 11/03/2026 | J57: primera | K57: Pagado | L57: 98000 | M57: 01/12/2025 | N57: =IF(COUNTIF($A$2:A57,A57)>1,"Si","No") -> No | O57: =VLOOKUP(J57,Referencias!$A$2:$B$7,2,FALSE()) -> Primera | P57: =IF(D57="","Faltante","OK") -> OK | Q57: =IF(L57="","Faltante","OK") -> OK
A58: 1043 | B58: 43 | C58: Isabella Torres | D58: isabella.torres43@correo.co | E58: 27/12/1977 | F58: Ocasional | G58: Cali | H58: Medellin | I58: 11/02/2026 | J58: primera | K58: Pagado | M58: 19/01/2026 | N58: =IF(COUNTIF($A$2:A58,A58)>1,"Si","No") -> No | O58: =VLOOKUP(J58,Referencias!$A$2:$B$7,2,FALSE()) -> Primera | P58: =IF(D58="","Faltante","OK") -> OK | Q58: =IF(L58="","Faltante","OK") -> Faltante
A59: 1100 | B59: 5 | C59: Sofia Sanchez | D59: sofia.sanchez5@correo.co | F59: Ocasional | G59: Medellin | H59: Cucuta | I59: 07/06/2026 | J59: segunda | K59: Pagado | L59: 197400 | M59: 22/05/2026 | N59: =IF(COUNTIF($A$2:A59,A59)>1,"Si","No") -> No | O59: =VLOOKUP(J59,Referencias!$A$2:$B$7,2,FALSE()) -> Segunda | P59: =IF(D59="","Faltante","OK") -> OK | Q59: =IF(L59="","Faltante","OK") -> OK
A60: 1074 | B60: 47 | C60: Samuel Rodriguez | D60: samuel.rodriguez47@correo.co | E60: 11/04/1992 | F60: Abonado | G60: Barranquilla | H60: Cali | I60: 19/05/2026 | J60: primera | K60: Pagado | L60: 273400 | M60: 05/01/2026 | N60: =IF(COUNTIF($A$2:A60,A60)>1,"Si","No") -> No | O60: =VLOOKUP(J60,Referencias!$A$2:$B$7,2,FALSE()) -> Primera | P60: =IF(D60="","Faltante","OK") -> OK | Q60: =IF(L60="","Faltante","OK") -> OK
A61: 1125 | B61: 51 | C61: Paula Gomez | D61: paula.gomez51@correo.co | E61: 06/12/1996 | F61: Abonado | G61: Cucuta | H61: Medellin | I61: 17/01/2026 | J61: primera | K61: Pagado | L61: 176600 | M61: 14/02/2026 | N61: =IF(COUNTIF($A$2:A61,A61)>1,"Si","No") -> No | O61: =VLOOKUP(J61,Referencias!$A$2:$B$7,2,FALSE()) -> Primera | P61: =IF(D61="","Faltante","OK") -> OK | Q61: =IF(L61="","Faltante","OK") -> OK
A62: 1021 | B62: 60 | C62: Mateo Gomez | D62: mateo.gomez60@correo.co | E62: 21/12/1963 | F62: Abonado | G62: Santa Marta | H62: Barranquilla | I62: 10/05/2026 | J62: primera | K62: Pagado | L62: 63900 | M62: 02/01/2026 | N62: =IF(COUNTIF($A$2:A62,A62)>1,"Si","No") -> No | O62: =VLOOKUP(J62,Referencias!$A$2:$B$7,2,FALSE()) -> Primera | P62: =IF(D62="","Faltante","OK") -> OK | Q62: =IF(L62="","Faltante","OK") -> OK
A63: 1103 | B63: 50 | C63: Juan Torres | E63: 08/01/1985 | F63: Abonado | G63: Bucaramanga | H63: Medellin | I63: 23/05/2026 | J63: 2nda | K63: Pagado | L63: 279200 | M63: 21/06/2026 | N63: =IF(COUNTIF($A$2:A63,A63)>1,"Si","No") -> No | O63: =VLOOKUP(J63,Referencias!$A$2:$B$7,2,FALSE()) -> Segunda | P63: =IF(D63="","Faltante","OK") -> Faltante | Q63: =IF(L63="","Faltante","OK") -> OK
A64: 1063 | B64: 31 | C64: Maria Sanchez | D64: maria.sanchez31@correo.co | E64: 06/08/2000 | F64: Abonado | G64: Medellin | H64: Cartagena | I64: 17/04/2026 | J64: primera | K64: Reembolsado | L64: 270700 | M64: 12/01/2026 | N64: =IF(COUNTIF($A$2:A64,A64)>1,"Si","No") -> No | O64: =VLOOKUP(J64,Referencias!$A$2:$B$7,2,FALSE()) -> Primera | P64: =IF(D64="","Faltante","OK") -> OK | Q64: =IF(L64="","Faltante","OK") -> OK
A65: 1066 | B65: 32 | C65: Valentina Martinez | D65: valentina.martinez32@correo.co | E65: 02/01/1964 | F65: Ocasional | G65: Medellin | H65: Santa Marta | I65: 27/04/2026 | J65: 1era | K65: Pagado | L65: 225100 | M65: 10/12/2025 | N65: =IF(COUNTIF($A$2:A65,A65)>1,"Si","No") -> No | O65: =VLOOKUP(J65,Referencias!$A$2:$B$7,2,FALSE()) -> Primera | P65: =IF(D65="","Faltante","OK") -> OK | Q65: =IF(L65="","Faltante","OK") -> OK
A66: 1029 | B66: 22 | C66: Santiago Rodriguez | D66: santiago.rodriguez22@correo.co | E66: 25/10/1978 | F66: Abonado | G66: Medellin | H66: Pereira | I66: 30/03/2026 | J66: 2nda | K66: Anulado | L66: 315700 | M66: 30/11/2025 | N66: =IF(COUNTIF($A$2:A66,A66)>1,"Si","No") -> No | O66: =VLOOKUP(J66,Referencias!$A$2:$B$7,2,FALSE()) -> Segunda | P66: =IF(D66="","Faltante","OK") -> OK | Q66: =IF(L66="","Faltante","OK") -> OK
A67: 1108 | B67: 58 | C67: Sebastian Gonzalez | D67: sebastian.gonzalez58@correo.co | E67: 12/07/1994 | F67: Ocasional | G67: Cartagena | H67: Pereira | I67: 09/05/2026 | J67: segunda | K67: Pagado | L67: 99900 | M67: 04/04/2026 | N67: =IF(COUNTIF($A$2:A67,A67)>1,"Si","No") -> No | O67: =VLOOKUP(J67,Referencias!$A$2:$B$7,2,FALSE()) -> Segunda | P67: =IF(D67="","Faltante","OK") -> OK | Q67: =IF(L67="","Faltante","OK") -> OK
A68: 1006 | B68: 42 | C68: Paula Perez | D68: paula.perez42@correo.co | E68: 26/10/1967 | F68: Ocasional | G68: Cali | H68: Barranquilla | I68: 24/05/2026 | J68: segunda | K68: Pagado | L68: 291900 | M68: 11/02/2026 | N68: =IF(COUNTIF($A$2:A68,A68)>1,"Si","No") -> No | O68: =VLOOKUP(J68,Referencias!$A$2:$B$7,2,FALSE()) -> Segunda | P68: =IF(D68="","Faltante","OK") -> OK | Q68: =IF(L68="","Faltante","OK") -> OK
A69: 1112 | B69: 40 | C69: Santiago Rodriguez | E69: 31/05/1968 | F69: Ocasional | G69: Medellin | H69: Cartagena | I69: 02/03/2026 | J69: primera | K69: Pagado | L69: 220700 | M69: 09/04/2026 | N69: =IF(COUNTIF($A$2:A69,A69)>1,"Si","No") -> No | O69: =VLOOKUP(J69,Referencias!$A$2:$B$7,2,FALSE()) -> Primera | P69: =IF(D69="","Faltante","OK") -> Faltante | Q69: =IF(L69="","Faltante","OK") -> OK
A70: 1030 | B70: 25 | C70: Diego Hernandez | D70: diego.hernandez25@correo.co | E70: 25/02/1955 | F70: Abonado | G70: Bucaramanga | H70: Pereira | I70: 18/01/2026 | J70: 2nda | K70: Reembolsado | L70: 227400 | M70: 02/12/2025 | N70: =IF(COUNTIF($A$2:A70,A70)>1,"Si","No") -> No | O70: =VLOOKUP(J70,Referencias!$A$2:$B$7,2,FALSE()) -> Segunda | P70: =IF(D70="","Faltante","OK") -> OK | Q70: =IF(L70="","Faltante","OK") -> OK
A71: 1013 | B71: 1 | C71: Mateo Gomez | D71: mateo.gomez1@correo.co | E71: 23/08/1984 | F71: Abonado | G71: Santa Marta | H71: Barranquilla | I71: 13/03/2026 | J71: 2nda | K71: Pagado | L71: 243900 | M71: 14/06/2026 | N71: =IF(COUNTIF($A$2:A71,A71)>1,"Si","No") -> No | O71: =VLOOKUP(J71,Referencias!$A$2:$B$7,2,FALSE()) -> Segunda | P71: =IF(D71="","Faltante","OK") -> OK | Q71: =IF(L71="","Faltante","OK") -> OK
A72: 1017 | B72: 58 | C72: Valentina Martinez | D72: valentina.martinez58@correo.co | E72: 17/10/1978 | F72: Ocasional | G72: Cartagena | H72: Pereira | I72: 28/06/2026 | J72: 2nda | K72: Reembolsado | L72: 242600 | M72: 10/12/2025 | N72: =IF(COUNTIF($A$2:A72,A72)>1,"Si","No") -> No | O72: =VLOOKUP(J72,Referencias!$A$2:$B$7,2,FALSE()) -> Segunda | P72: =IF(D72="","Faltante","OK") -> OK | Q72: =IF(L72="","Faltante","OK") -> OK
A73: 1091 | B73: 2 | C73: Mateo Ramirez | D73: mateo.ramirez2@correo.co | E73: 01/08/1985 | F73: Abonado | G73: Bucaramanga | H73: Cartagena | I73: 25/03/2026 | J73: segunda | K73: Pagado | L73: 87800 | M73: 13/05/2026 | N73: =IF(COUNTIF($A$2:A73,A73)>1,"Si","No") -> No | O73: =VLOOKUP(J73,Referencias!$A$2:$B$7,2,FALSE()) -> Segunda | P73: =IF(D73="","Faltante","OK") -> OK | Q73: =IF(L73="","Faltante","OK") -> OK
A74: 1131 | B74: 27 | C74: Paula Sanchez | D74: paula.sanchez27@correo.co | E74: 16/01/1983 | F74: Ocasional | G74: Bucaramanga | H74: Pereira | I74: 03/02/2026 | J74: primera | K74: Pagado | L74: 111500 | M74: 02/12/2025 | N74: =IF(COUNTIF($A$2:A74,A74)>1,"Si","No") -> No | O74: =VLOOKUP(J74,Referencias!$A$2:$B$7,2,FALSE()) -> Primera | P74: =IF(D74="","Faltante","OK") -> OK | Q74: =IF(L74="","Faltante","OK") -> OK
A75: 1034 | B75: 40 | C75: Mateo Sanchez | D75: mateo.sanchez40@correo.co | E75: 11/06/1972 | F75: Ocasional | G75: Manizales | H75: Pereira | I75: 04/03/2026 | J75: 1ra | K75: Pagado | M75: 12/05/2026 | N75: =IF(COUNTIF($A$2:A75,A75)>1,"Si","No") -> No | O75: =VLOOKUP(J75,Referencias!$A$2:$B$7,2,FALSE()) -> Primera | P75: =IF(D75="","Faltante","OK") -> OK | Q75: =IF(L75="","Faltante","OK") -> Faltante
A76: 1068 | B76: 40 | C76: Mateo Hernandez | D76: mateo.hernandez40@correo.co | E76: 30/05/1975 | F76: Abonado | G76: Pereira | H76: Medellin | I76: 12/06/2026 | J76: 2nda | K76: Anulado | L76: 235900 | M76: 20/06/2026 | N76: =IF(COUNTIF($A$2:A76,A76)>1,"Si","No") -> No | O76: =VLOOKUP(J76,Referencias!$A$2:$B$7,2,FALSE()) -> Segunda | P76: =IF(D76="","Faltante","OK") -> OK | Q76: =IF(L76="","Faltante","OK") -> OK
A77: 1025 | B77: 58 | C77: Samuel Ramirez | E77: 27/07/2004 | F77: Abonado | G77: Pereira | H77: Cali | I77: 11/01/2026 | J77: primera | K77: Pagado | L77: 312400 | M77: 11/11/2025 | N77: =IF(COUNTIF($A$2:A77,A77)>1,"Si","No") -> No | O77: =VLOOKUP(J77,Referencias!$A$2:$B$7,2,FALSE()) -> Primera | P77: =IF(D77="","Faltante","OK") -> Faltante | Q77: =IF(L77="","Faltante","OK") -> OK
A78: 1027 | B78: 12 | C78: Juan Perez | D78: juan.perez12@correo.co | E78: 06/04/1977 | F78: Ocasional | G78: Cali | H78: Medellin | I78: 08/04/2026 | J78: 1era | K78: Anulado | L78: 269600 | M78: 26/02/2026 | N78: =IF(COUNTIF($A$2:A78,A78)>1,"Si","No") -> No | O78: =VLOOKUP(J78,Referencias!$A$2:$B$7,2,FALSE()) -> Primera | P78: =IF(D78="","Faltante","OK") -> OK | Q78: =IF(L78="","Faltante","OK") -> OK
A79: 1106 | B79: 15 | C79: Samuel Martinez | E79: 28/01/1964 | F79: Abonado | G79: Bucaramanga | H79: Cali | I79: 02/06/2026 | J79: 2da | K79: Pagado | L79: 235500 | M79: 09/04/2026 | N79: =IF(COUNTIF($A$2:A79,A79)>1,"Si","No") -> No | O79: =VLOOKUP(J79,Referencias!$A$2:$B$7,2,FALSE()) -> Segunda | P79: =IF(D79="","Faltante","OK") -> Faltante | Q79: =IF(L79="","Faltante","OK") -> OK
A80: 1032 | B80: 40 | C80: Diego Lopez | D80: diego.lopez40@correo.co | E80: 06/04/1982 | F80: Ocasional | G80: Barranquilla | H80: Pereira | I80: 29/05/2026 | J80: segunda | K80: Pagado | L80: 166600 | M80: 25/12/2025 | N80: =IF(COUNTIF($A$2:A80,A80)>1,"Si","No") -> No | O80: =VLOOKUP(J80,Referencias!$A$2:$B$7,2,FALSE()) -> Segunda | P80: =IF(D80="","Faltante","OK") -> OK | Q80: =IF(L80="","Faltante","OK") -> OK
A81: 1056 | B81: 4 | C81: Camila Lopez | D81: camila.lopez4@correo.co | E81: 22/11/1980 | F81: Ocasional | G81: Medellin | H81: Manizales | I81: 26/06/2026 | J81: primera | K81: Pagado | L81: 182600 | M81: 07/03/2026 | N81: =IF(COUNTIF($A$2:A81,A81)>1,"Si","No") -> No | O81: =VLOOKUP(J81,Referencias!$A$2:$B$7,2,FALSE()) -> Primera | P81: =IF(D81="","Faltante","OK") -> OK | Q81: =IF(L81="","Faltante","OK") -> OK
A82: 1101 | B82: 48 | C82: Valentina Sanchez | D82: valentina.sanchez48@correo.co | E82: 21/11/1971 | F82: Ocasional | G82: Cucuta | H82: Manizales | I82: 09/05/2026 | J82: 1ra | K82: Reembolsado | L82: 268000 | M82: 03/06/2026 | N82: =IF(COUNTIF($A$2:A82,A82)>1,"Si","No") -> No | O82: =VLOOKUP(J82,Referencias!$A$2:$B$7,2,FALSE()) -> Primera | P82: =IF(D82="","Faltante","OK") -> OK | Q82: =IF(L82="","Faltante","OK") -> OK
A83: 1010 | B83: 59 | C83: Santiago Torres | D83: santiago.torres59@correo.co | F83: Ocasional | G83: Cartagena | H83: Barranquilla | I83: 15/01/2026 | J83: 1ra | K83: Anulado | L83: 68600 | M83: 05/03/2026 | N83: =IF(COUNTIF($A$2:A83,A83)>1,"Si","No") -> No | O83: =VLOOKUP(J83,Referencias!$A$2:$B$7,2,FALSE()) -> Primera | P83: =IF(D83="","Faltante","OK") -> OK | Q83: =IF(L83="","Faltante","OK") -> OK
A84: 1093 | B84: 38 | C84: Paula Ramirez | D84: paula.ramirez38@correo.co | F84: Ocasional | G84: Cucuta | H84: Bogota Central | I84: 02/01/2026 | J84: 1ra | K84: Pagado | L84: 82700 | M84: 05/01/2026 | N84: =IF(COUNTIF($A$2:A84,A84)>1,"Si","No") -> No | O84: =VLOOKUP(J84,Referencias!$A$2:$B$7,2,FALSE()) -> Primera | P84: =IF(D84="","Faltante","OK") -> OK | Q84: =IF(L84="","Faltante","OK") -> OK
A85: 1005 | B85: 15 | C85: Juan Gomez | D85: juan.gomez15@correo.co | F85: Ocasional | G85: Pereira | H85: Cartagena | I85: 17/01/2026 | J85: 1ra | K85: Reembolsado | L85: 242400 | M85: 25/12/2025 | N85: =IF(COUNTIF($A$2:A85,A85)>1,"Si","No") -> No | O85: =VLOOKUP(J85,Referencias!$A$2:$B$7,2,FALSE()) -> Primera | P85: =IF(D85="","Faltante","OK") -> OK | Q85: =IF(L85="","Faltante","OK") -> OK
A86: 1037 | B86: 41 | C86: Nicolas Ramirez | D86: nicolas.ramirez41@correo.co | E86: 18/06/1994 | F86: Abonado | G86: Cartagena | H86: Barranquilla | I86: 11/03/2026 | J86: primera | K86: Pagado | L86: 83100 | M86: 30/12/2025 | N86: =IF(COUNTIF($A$2:A86,A86)>1,"Si","No") -> No | O86: =VLOOKUP(J86,Referencias!$A$2:$B$7,2,FALSE()) -> Primera | P86: =IF(D86="","Faltante","OK") -> OK | Q86: =IF(L86="","Faltante","OK") -> OK
A87: 1018 | B87: 13 | C87: Sofia Hernandez | D87: sofia.hernandez13@correo.co | E87: 23/08/2003 | F87: Abonado | G87: Bucaramanga | H87: Bogota Central | I87: 13/01/2026 | J87: segunda | K87: Pagado | L87: 191100 | M87: 15/11/2025 | N87: =IF(COUNTIF($A$2:A87,A87)>1,"Si","No") -> No | O87: =VLOOKUP(J87,Referencias!$A$2:$B$7,2,FALSE()) -> Segunda | P87: =IF(D87="","Faltante","OK") -> OK | Q87: =IF(L87="","Faltante","OK") -> OK
A88: 1097 | B88: 22 | C88: Maria Gonzalez | D88: maria.gonzalez22@correo.co | F88: Abonado | G88: Santa Marta | H88: Cucuta | I88: 19/02/2026 | J88: primera | K88: Pagado | L88: 222500 | M88: 08/12/2025 | N88: =IF(COUNTIF($A$2:A88,A88)>1,"Si","No") -> No | O88: =VLOOKUP(J88,Referencias!$A$2:$B$7,2,FALSE()) -> Primera | P88: =IF(D88="","Faltante","OK") -> OK | Q88: =IF(L88="","Faltante","OK") -> OK
A89: 1050 | B89: 48 | C89: Gabriela Martinez | D89: gabriela.martinez48@correo.co | E89: 22/10/1979 | F89: Ocasional | G89: Medellin | H89: Barranquilla | I89: 17/03/2026 | J89: 1ra | K89: Pagado | L89: 239700 | M89: 03/12/2025 | N89: =IF(COUNTIF($A$2:A89,A89)>1,"Si","No") -> No | O89: =VLOOKUP(J89,Referencias!$A$2:$B$7,2,FALSE()) -> Primera | P89: =IF(D89="","Faltante","OK") -> OK | Q89: =IF(L89="","Faltante","OK") -> OK
A90: 1048 | B90: 6 | C90: Maria Perez | D90: maria.perez6@correo.co | E90: 17/09/1997 | F90: Ocasional | G90: Manizales | H90: Bogota Central | I90: 24/01/2026 | J90: primera | K90: Pagado | L90: 129200 | M90: 29/03/2026 | N90: =IF(COUNTIF($A$2:A90,A90)>1,"Si","No") -> No | O90: =VLOOKUP(J90,Referencias!$A$2:$B$7,2,FALSE()) -> Primera | P90: =IF(D90="","Faltante","OK") -> OK | Q90: =IF(L90="","Faltante","OK") -> OK
A91: 1126 | B91: 50 | C91: Laura Torres | E91: 27/08/1961 | F91: Ocasional | G91: Manizales | H91: Santa Marta | I91: 30/03/2026 | J91: 1ra | K91: Anulado | L91: 220900 | M91: 17/12/2025 | N91: =IF(COUNTIF($A$2:A91,A91)>1,"Si","No") -> No | O91: =VLOOKUP(J91,Referencias!$A$2:$B$7,2,FALSE()) -> Primera | P91: =IF(D91="","Faltante","OK") -> Faltante | Q91: =IF(L91="","Faltante","OK") -> OK
A92: 1124 | B92: 44 | C92: Juan Gonzalez | D92: juan.gonzalez44@correo.co | E92: 18/01/1981 | F92: Ocasional | G92: Cali | H92: Cucuta | I92: 03/04/2026 | J92: segunda | K92: Pagado | L92: 262800 | M92: 31/12/2025 | N92: =IF(COUNTIF($A$2:A92,A92)>1,"Si","No") -> No | O92: =VLOOKUP(J92,Referencias!$A$2:$B$7,2,FALSE()) -> Segunda | P92: =IF(D92="","Faltante","OK") -> OK | Q92: =IF(L92="","Faltante","OK") -> OK
A93: 1073 | B93: 32 | C93: Sofia Hernandez | D93: sofia.hernandez32@correo.co | E93: 22/01/1972 | F93: Ocasional | G93: Cali | H93: Medellin | I93: 10/06/2026 | J93: 2nda | K93: Pagado | L93: 54200 | M93: 02/02/2026 | N93: =IF(COUNTIF($A$2:A93,A93)>1,"Si","No") -> No | O93: =VLOOKUP(J93,Referencias!$A$2:$B$7,2,FALSE()) -> Segunda | P93: =IF(D93="","Faltante","OK") -> OK | Q93: =IF(L93="","Faltante","OK") -> OK
A94: 1137 | B94: 9 | C94: Juan Sanchez | D94: juan.sanchez9@correo.co | E94: 01/04/2001 | F94: Abonado | G94: Bucaramanga | H94: Cucuta | I94: 11/02/2026 | J94: 2da | K94: Reembolsado | L94: 127300 | M94: 26/01/2026 | N94: =IF(COUNTIF($A$2:A94,A94)>1,"Si","No") -> No | O94: =VLOOKUP(J94,Referencias!$A$2:$B$7,2,FALSE()) -> Segunda | P94: =IF(D94="","Faltante","OK") -> OK | Q94: =IF(L94="","Faltante","OK") -> OK
A95: 1062 | B95: 1 | C95: Gabriela Perez | E95: 06/03/1965 | F95: Ocasional | G95: Medellin | H95: Cali | I95: 08/05/2026 | J95: 2nda | K95: Pagado | L95: 159300 | M95: 04/03/2026 | N95: =IF(COUNTIF($A$2:A95,A95)>1,"Si","No") -> No | O95: =VLOOKUP(J95,Referencias!$A$2:$B$7,2,FALSE()) -> Segunda | P95: =IF(D95="","Faltante","OK") -> Faltante | Q95: =IF(L95="","Faltante","OK") -> OK
A96: 1135 | B96: 24 | C96: Valentina Perez | E96: 11/07/1987 | F96: Ocasional | G96: Medellin | H96: Pereira | I96: 10/05/2026 | J96: 2da | K96: Anulado | L96: 317000 | M96: 24/04/2026 | N96: =IF(COUNTIF($A$2:A96,A96)>1,"Si","No") -> No | O96: =VLOOKUP(J96,Referencias!$A$2:$B$7,2,FALSE()) -> Segunda | P96: =IF(D96="","Faltante","OK") -> Faltante | Q96: =IF(L96="","Faltante","OK") -> OK
A97: 1121 | B97: 44 | C97: Julian Gomez | D97: julian.gomez44@correo.co | E97: 12/11/1987 | F97: Ocasional | G97: Pereira | H97: Bogota Central | I97: 04/06/2026 | J97: 1ra | K97: Pagado | L97: 147300 | M97: 15/05/2026 | N97: =IF(COUNTIF($A$2:A97,A97)>1,"Si","No") -> No | O97: =VLOOKUP(J97,Referencias!$A$2:$B$7,2,FALSE()) -> Primera | P97: =IF(D97="","Faltante","OK") -> OK | Q97: =IF(L97="","Faltante","OK") -> OK
A98: 1110 | B98: 54 | C98: Laura Rodriguez | D98: laura.rodriguez54@correo.co | E98: 22/06/1995 | F98: Ocasional | G98: Bogota Central | H98: Pereira | I98: 14/01/2026 | J98: 2da | K98: Pagado | L98: 318500 | M98: 04/02/2026 | N98: =IF(COUNTIF($A$2:A98,A98)>1,"Si","No") -> No | O98: =VLOOKUP(J98,Referencias!$A$2:$B$7,2,FALSE()) -> Segunda | P98: =IF(D98="","Faltante","OK") -> OK | Q98: =IF(L98="","Faltante","OK") -> OK
A99: 1129 | B99: 10 | C99: Camila Torres | D99: camila.torres10@correo.co | E99: 25/07/2005 | F99: Abonado | G99: Bogota Central | H99: Medellin | I99: 12/01/2026 | J99: 2nda | K99: Anulado | L99: 103000 | M99: 27/03/2026 | N99: =IF(COUNTIF($A$2:A99,A99)>1,"Si","No") -> No | O99: =VLOOKUP(J99,Referencias!$A$2:$B$7,2,FALSE()) -> Segunda | P99: =IF(D99="","Faltante","OK") -> OK | Q99: =IF(L99="","Faltante","OK") -> OK
A100: 1114 | B100: 12 | C100: Mateo Ramirez | D100: mateo.ramirez12@correo.co | F100: Abonado | G100: Pereira | H100: Manizales | I100: 12/01/2026 | J100: 2nda | K100: Pagado | L100: 250500 | M100: 31/01/2026 | N100: =IF(COUNTIF($A$2:A100,A100)>1,"Si","No") -> No | O100: =VLOOKUP(J100,Referencias!$A$2:$B$7,2,FALSE()) -> Segunda | P100: =IF(D100="","Faltante","OK") -> OK | Q100: =IF(L100="","Faltante","OK") -> OK
...

Sheet Analisis_Formulas
A1: Analisis de la base Billetes_Brutos
A2: Rango de datos: Billetes_Brutos!A2:M147 (146 filas)
A4: 1. CONTAR.BLANCO (COUNTBLANK) - valores faltantes
A5: Correos faltantes | B5: =COUNTBLANK(Billetes_Brutos!D2:D147) -> 29
A6: Fechas de nacimiento faltantes | B6: =COUNTBLANK(Billetes_Brutos!E2:E147) -> 15
A7: Precios faltantes | B7: =COUNTBLANK(Billetes_Brutos!L2:L147) -> 5
A9: 2. CONTARA (COUNTA) - celdas no vacias
A10: Numero total de billetes registrados | B10: =COUNTA(Billetes_Brutos!A2:A147) -> 146
A11: Numero de estaciones de salida registradas | B11: =COUNTA(Billetes_Brutos!G2:G147) -> 146
A13: 3. CONTAR.SI (COUNTIF) - conteo con un criterio
A14: Billetes anulados | B14: =COUNTIF(Billetes_Brutos!K2:K147,"Anulado") -> 20
A15: Billetes reembolsados | B15: =COUNTIF(Billetes_Brutos!K2:K147,"Reembolsado") -> 17
A16: Billetes primera clase (etiqueta exacta "1era") | B16: =COUNTIF(Billetes_Brutos!J2:J147,"1era") -> 18
A17: Clientes abonados (tipo_cliente) | B17: =COUNTIF(Billetes_Brutos!F2:F147,"Abonado") -> 62
A19: 4. CONTAR.SI multicriterio (dos CONTAR.SI combinados / CONTAR.SI.CONJUNTO)
A20: Billetes primera clase Y anulados (SUMAPRODUCTO multicriterio) | B20: =SUMPRODUCT((Billetes_Brutos!J2:J147="1era")*(Billetes_Brutos!K2:K147="Anulado")) -> 3
A21: Lo mismo con CONTAR.SI.CONJUNTO (equivalente nativo) | B21: =COUNTIFS(Billetes_Brutos!J2:J147,"1era",Billetes_Brutos!K2:K147,"Anulado") -> 3
A23: 5. SUMAPRODUCTO(CONTAR.SI(...)) - conteo sobre varios valores (OR)
A24: Billetes primera clase, todas las variantes (1era/1ra/primera) | B24: =SUMPRODUCT(COUNTIF(Billetes_Brutos!J2:J147,{"1era";"1ra";"primera"})) -> 70
A25: Billetes segunda clase, todas las variantes (2da/segunda/2nda) | B25: =SUMPRODUCT(COUNTIF(Billetes_Brutos!J2:J147,{"2da";"segunda";"2nda"})) -> 76
A27: 6. Deteccion de duplicados (id_billete) con SUMAPRODUCTO
A28: Numero de filas duplicadas (id_billete que aparece mas de una vez) | B28: =SUMPRODUCT((COUNTIF(Billetes_Brutos!A2:A147,Billetes_Brutos!A2:A147)>1)*1) -> 12
A30: 7. Indicador de negocio: billetes pagados por estacion de salida
A31: Ej. billetes pagados desde Bogota Central | B31: =COUNTIFS(Billetes_Brutos!G2:G147,"Bogota Central",Billetes_Brutos!K2:K147,"Pagado") -> 3
A32: Ingreso total en COP (billetes pagados) | B32: =SUMIF(Billetes_Brutos!K2:K147,"Pagado",Billetes_Brutos!L2:L147) -> 19879100
A34: 8. Comparacion Bruto vs Limpio (efecto del ETL)
A35: Numero de billetes - Bruto | B35: =COUNTA(Billetes_Brutos!A2:A147) -> 146
A36: Numero de billetes - Limpio (sin duplicados) | B36: =COUNTA(Billetes_Limpios!A2:A141) -> 140
A37: Correos senalados como "Sin correo" (originalmente vacios) - Limpio | B37: =COUNTIF(Billetes_Limpios!D2:D141,"Sin correo") -> 27
A38: Precios por confirmar - Limpio | B38: =COUNTIF(Billetes_Limpios!L2:L141,"Por confirmar") -> 5
A39: Ingreso real (COP) - Limpio, solo pagados | B39: =SUMIF(Billetes_Limpios!K2:K141,"Pagado",Billetes_Limpios!L2:L141) -> 18664300

Sheet Referencias
A1: Variante en Billetes_Brutos | B1: Clase uniforme
A2: 1era | B2: Primera
A3: 1ra | B3: Primera
A4: primera | B4: Primera
A5: 2da | B5: Segunda
A6: segunda | B6: Segunda
A7: 2nda | B7: Segunda
A9: Tabla usada por la columna 'Clase_Uniforme' en Billetes_Brutos (VLOOKUP) para uniformizar las variantes de la columna 'clase'.

Sheet Billetes_Limpios
A1: id_billete | B1: id_cliente | C1: nombre_cliente | D1: correo | E1: fecha_nacimiento | F1: tipo_cliente | G1: estacion_salida | H1: estacion_llegada | I1: fecha_viaje | J1: clase | K1: estado | L1: precio | M1: fecha_compra
A2: =Billetes_Brutos!A2 -> 1047 | B2: =Billetes_Brutos!B2 -> 22 | C2: =Billetes_Brutos!C2 -> Santiago Sanchez | D2: =IF(Billetes_Brutos!D2="","Sin correo",Billetes_Brutos!D2) -> santiago.sanchez22@correo.co | E2: =IF(Billetes_Brutos!E2="","No disponible",Billetes_Brutos!E2) -> 11/01/1974 | F2: =Billetes_Brutos!F2 -> Ocasional | G2: =Billetes_Brutos!G2 -> Cartagena | H2: =Billetes_Brutos!H2 -> Bucaramanga | I2: =Billetes_Brutos!I2 -> 13/03/2026 | J2: =Billetes_Brutos!O2 -> Segunda | K2: =Billetes_Brutos!K2 -> Pagado | L2: =IF(Billetes_Brutos!L2="","Por confirmar",Billetes_Brutos!L2) -> 47800 | M2: =Billetes_Brutos!M2 -> 19/12/2025
A3: =Billetes_Brutos!A3 -> 1079 | B3: =Billetes_Brutos!B3 -> 45 | C3: =Billetes_Brutos!C3 -> Gabriela Perez | D3: =IF(Billetes_Brutos!D3="","Sin correo",Billetes_Brutos!D3) -> gabriela.perez45@correo.co | E3: =IF(Billetes_Brutos!E3="","No disponible",Billetes_Brutos!E3) -> 21/03/1992 | F3: =Billetes_Brutos!F3 -> Abonado | G3: =Billetes_Brutos!G3 -> Manizales | H3: =Billetes_Brutos!H3 -> Pereira | I3: =Billetes_Brutos!I3 -> 13/03/2026 | J3: =Billetes_Brutos!O3 -> Primera | K3: =Billetes_Brutos!K3 -> Pagado | L3: =IF(Billetes_Brutos!L3="","Por confirmar",Billetes_Brutos!L3) -> 167300 | M3: =Billetes_Brutos!M3 -> 31/12/2025
A4: =Billetes_Brutos!A4 -> 1016 | B4: =Billetes_Brutos!B4 -> 60 | C4: =Billetes_Brutos!C4 -> Mateo Sanchez | D4: =IF(Billetes_Brutos!D4="","Sin correo",Billetes_Brutos!D4) -> mateo.sanchez60@correo.co | E4: =IF(Billetes_Brutos!E4="","No disponible",Billetes_Brutos!E4) -> 14/10/1963 | F4: =Billetes_Brutos!F4 -> Abonado | G4: =Billetes_Brutos!G4 -> Santa Marta | H4: =Billetes_Brutos!H4 -> Bogota Central | I4: =Billetes_Brutos!I4 -> 24/01/2026 | J4: =Billetes_Brutos!O4 -> Primera | K4: =Billetes_Brutos!K4 -> Pagado | L4: =IF(Billetes_Brutos!L4="","Por confirmar",Billetes_Brutos!L4) -> 103800 | M4: =Billetes_Brutos!M4 -> 11/02/2026
A5: =Billetes_Brutos!A5 -> 1057 | B5: =Billetes_Brutos!B5 -> 29 | C5: =Billetes_Brutos!C5 -> Mateo Torres | D5: =IF(Billetes_Brutos!D5="","Sin correo",Billetes_Brutos!D5) -> Sin correo | E5: =IF(Billetes_Brutos!E5="","No disponible",Billetes_Brutos!E5) -> 01/12/1983 | F5: =Billetes_Brutos!F5 -> Ocasional | G5: =Billetes_Brutos!G5 -> Bogota Central | H5: =Billetes_Brutos!H5 -> Medellin | I5: =Billetes_Brutos!I5 -> 28/02/2026 | J5: =Billetes_Brutos!O5 -> Segunda | K5: =Billetes_Brutos!K5 -> Anulado | L5: =IF(Billetes_Brutos!L5="","Por confirmar",Billetes_Brutos!L5) -> 306500 | M5: =Billetes_Brutos!M5 -> 15/05/2026
A6: =Billetes_Brutos!A6 -> 1076 | B6: =Billetes_Brutos!B6 -> 36 | C6: =Billetes_Brutos!C6 -> Daniela Rodriguez | D6: =IF(Billetes_Brutos!D6="","Sin correo",Billetes_Brutos!D6) -> daniela.rodriguez36@correo.co | E6: =IF(Billetes_Brutos!E6="","No disponible",Billetes_Brutos!E6) -> No disponible | F6: =Billetes_Brutos!F6 -> Abonado | G6: =Billetes_Brutos!G6 -> Manizales | H6: =Billetes_Brutos!H6 -> Bucaramanga | I6: =Billetes_Brutos!I6 -> 22/06/2026 | J6: =Billetes_Brutos!O6 -> Segunda | K6: =Billetes_Brutos!K6 -> Pagado | L6: =IF(Billetes_Brutos!L6="","Por confirmar",Billetes_Brutos!L6) -> 271200 | M6: =Billetes_Brutos!M6 -> 04/02/2026
A7: =Billetes_Brutos!A7 -> 1022 | B7: =Billetes_Brutos!B7 -> 24 | C7: =Billetes_Brutos!C7 -> Sofia Martinez | D7: =IF(Billetes_Brutos!D7="","Sin correo",Billetes_Brutos!D7) -> sofia.martinez24@correo.co | E7: =IF(Billetes_Brutos!E7="","No disponible",Billetes_Brutos!E7) -> 20/02/1982 | F7: =Billetes_Brutos!F7 -> Abonado | G7: =Billetes_Brutos!G7 -> Santa Marta | H7: =Billetes_Brutos!H7 -> Cartagena | I7: =Billetes_Brutos!I7 -> 19/06/2026 | J7: =Billetes_Brutos!O7 -> Primera | K7: =Billetes_Brutos!K7 -> Reembolsado | L7: =IF(Billetes_Brutos!L7="","Por confirmar",Billetes_Brutos!L7) -> 76700 | M7: =Billetes_Brutos!M7 -> 28/11/2025
A8: =Billetes_Brutos!A8 -> 1065 | B8: =Billetes_Brutos!B8 -> 56 | C8: =Billetes_Brutos!C8 -> Sebastian Hernandez | D8: =IF(Billetes_Brutos!D8="","Sin correo",Billetes_Brutos!D8) -> sebastian.hernandez56@correo.co | E8: =IF(Billetes_Brutos!E8="","No disponible",Billetes_Brutos!E8) -> 08/11/1991 | F8: =Billetes_Brutos!F8 -> Abonado | G8: =Billetes_Brutos!G8 -> Bucaramanga | H8: =Billetes_Brutos!H8 -> Manizales | I8: =Billetes_Brutos!I8 -> 30/06/2026 | J8: =Billetes_Brutos!O8 -> Segunda | K8: =Billetes_Brutos!K8 -> Pagado | L8: =IF(Billetes_Brutos!L8="","Por confirmar",Billetes_Brutos!L8) -> 270700 | M8: =Billetes_Brutos!M8 -> 09/12/2025
A9: =Billetes_Brutos!A9 -> 1004 | B9: =Billetes_Brutos!B9 -> 24 | C9: =Billetes_Brutos!C9 -> Daniela Hernandez | D9: =IF(Billetes_Brutos!D9="","Sin correo",Billetes_Brutos!D9) -> daniela.hernandez24@correo.co | E9: =IF(Billetes_Brutos!E9="","No disponible",Billetes_Brutos!E9) -> 28/05/1961 | F9: =Billetes_Brutos!F9 -> Abonado | G9: =Billetes_Brutos!G9 -> Santa Marta | H9: =Billetes_Brutos!H9 -> Barranquilla | I9: =Billetes_Brutos!I9 -> 11/02/2026 | J9: =Billetes_Brutos!O9 -> Segunda | K9: =Billetes_Brutos!K9 -> Pagado | L9: =IF(Billetes_Brutos!L9="","Por confirmar",Billetes_Brutos!L9) -> 221000 | M9: =Billetes_Brutos!M9 -> 23/03/2026
A10: =Billetes_Brutos!A10 -> 1115 | B10: =Billetes_Brutos!B10 -> 51 | C10: =Billetes_Brutos!C10 -> Mateo Gonzalez | D10: =IF(Billetes_Brutos!D10="","Sin correo",Billetes_Brutos!D10) -> mateo.gonzalez51@correo.co | E10: =IF(Billetes_Brutos!E10="","No disponible",Billetes_Brutos!E10) -> 19/04/1964 | F10: =Billetes_Brutos!F10 -> Ocasional | G10: =Billetes_Brutos!G10 -> Cali | H10: =Billetes_Brutos!H10 -> Bogota Central | I10: =Billetes_Brutos!I10 -> 01/04/2026 | J10: =Billetes_Brutos!O10 -> Segunda | K10: =Billetes_Brutos!K10 -> Pagado | L10: =IF(Billetes_Brutos!L10="","Por confirmar",Billetes_Brutos!L10) -> 273400 | M10: =Billetes_Brutos!M10 -> 25/04/2026
A11: =Billetes_Brutos!A11 -> 1064 | B11: =Billetes_Brutos!B11 -> 47 | C11: =Billetes_Brutos!C11 -> Sofia Torres | D11: =IF(Billetes_Brutos!D11="","Sin correo",Billetes_Brutos!D11) -> sofia.torres47@correo.co | E11: =IF(Billetes_Brutos!E11="","No disponible",Billetes_Brutos!E11) -> 01/05/1968 | F11: =Billetes_Brutos!F11 -> Ocasional | G11: =Billetes_Brutos!G11 -> Santa Marta | H11: =Billetes_Brutos!H11 -> Manizales | I11: =Billetes_Brutos!I11 -> 30/03/2026 | J11: =Billetes_Brutos!O11 -> Primera | K11: =Billetes_Brutos!K11 -> Pagado | L11: =IF(Billetes_Brutos!L11="","Por confirmar",Billetes_Brutos!L11) -> 170200 | M11: =Billetes_Brutos!M11 -> 22/01/2026
A12: =Billetes_Brutos!A12 -> 1067 | B12: =Billetes_Brutos!B12 -> 5 | C12: =Billetes_Brutos!C12 -> Paula Lopez | D12: =IF(Billetes_Brutos!D12="","Sin correo",Billetes_Brutos!D12) -> paula.lopez5@correo.co | E12: =IF(Billetes_Brutos!E12="","No disponible",Billetes_Brutos!E12) -> 16/03/1962 | F12: =Billetes_Brutos!F12 -> Ocasional | G12: =Billetes_Brutos!G12 -> Santa Marta | H12: =Billetes_Brutos!H12 -> Pereira | I12: =Billetes_Brutos!I12 -> 23/03/2026 | J12: =Billetes_Brutos!O12 -> Segunda | K12: =Billetes_Brutos!K12 -> Pagado | L12: =IF(Billetes_Brutos!L12="","Por confirmar",Billetes_Brutos!L12) -> 284900 | M12: =Billetes_Brutos!M12 -> 10/11/2025
A13: =Billetes_Brutos!A13 -> 1007 | B13: =Billetes_Brutos!B13 -> 24 | C13: =Billetes_Brutos!C13 -> Maria Martinez | D13: =IF(Billetes_Brutos!D13="","Sin correo",Billetes_Brutos!D13) -> maria.martinez24@correo.co | E13: =IF(Billetes_Brutos!E13="","No disponible",Billetes_Brutos!E13) -> No disponible | F13: =Billetes_Brutos!F13 -> Abonado | G13: =Billetes_Brutos!G13 -> Medellin | H13: =Billetes_Brutos!H13 -> Cali | I13: =Billetes_Brutos!I13 -> 10/06/2026 | J13: =Billetes_Brutos!O13 -> Primera | K13: =Billetes_Brutos!K13 -> Anulado | L13: =IF(Billetes_Brutos!L13="","Por confirmar",Billetes_Brutos!L13) -> 62500 | M13: =Billetes_Brutos!M13 -> 06/02/2026
... A33: =Billetes_Brutos!A33 -> 1008 | B33: =Billetes_Brutos!B33 -> 39 | C33: =Billetes_Brutos!C33 -> Julian Ramirez | D33: =IF(Billetes_Brutos!D33="","Sin correo",Billetes_Brutos!D33) -> julian.ramirez39@correo.co | E33: =IF(Billetes_Brutos!E33="","No disponible",Billetes_Brutos!E33) -> 12/01/1956 | F33: =Billetes_Brutos!F33 -> Abonado | G33: =Billetes_Brutos!G33 -> Santa Marta | H33: =Billetes_Brutos!H33 -> Cartagena | I33: =Billetes_Brutos!I33 -> 14/06/2026 | J33: =Billetes_Brutos!O33 -> Primera | K33: =Billetes_Brutos!K33 -> Pagado | L33: =IF(Billetes_Brutos!L33="","Por confirmar",Billetes_Brutos!L33) -> 169800 | M33: =Billetes_Brutos!M33 -> 04/05/2026
A34: =Billetes_Brutos!A35 -> 1138 | B34: =Billetes_Brutos!B35 -> 33 | C34: =Billetes_Brutos!C35 -> David Ramirez | D34: =IF(Billetes_Brutos!D35="","Sin correo",Billetes_Brutos!D35) -> david.ramirez33@correo.co | E34: =IF(Billetes_Brutos!E35="","No disponible",Billetes_Brutos!E35) -> 09/08/1997 | F34: =Billetes_Brutos!F35 -> Abonado | G34: =Billetes_Brutos!G35 -> Bucaramanga | H34: =Billetes_Brutos!H35 -> Cucuta | I34: =Billetes_Brutos!I35 -> 22/06/2026 | J34: =Billetes_Brutos!O35 -> Primera | K34: =Billetes_Brutos!K35 -> Reembolsado | L34: =IF(Billetes_Brutos!L35="","Por confirmar",Billetes_Brutos!L35) -> 264100 | M34: =Billetes_Brutos!M35 -> 05/05/2026
A35: =Billetes_Brutos!A36 -> 1011 | B35: =Billetes_Brutos!B36 -> 53 | C35: =Billetes_Brutos!C36 -> Mateo Ramirez | D35: =IF(Billetes_Brutos!D36="","Sin correo",Billetes_Brutos!D36) -> mateo.ramirez53@correo.co | E35: =IF(Billetes_Brutos!E36="","No disponible",Billetes_Brutos!E36) -> 22/08/1997 | F35: =Billetes_Brutos!F36 -> Abonado | G35: =Billetes_Brutos!G36 -> Cartagena | H35: =Billetes_Brutos!H36 -> Santa Marta | I35: =Billetes_Brutos!I36 -> 05/06/2026 | J35: =Billetes_Brutos!O36 -> Segunda | K35: =Billetes_Brutos!K36 -> Reembolsado | L35: =IF(Billetes_Brutos!L36="","Por confirmar",Billetes_Brutos!L36) -> 252700 | M35: =Billetes_Brutos!M36 -> 26/04/2026
A36: =Billetes_Brutos!A37 -> 1002 | B36: =Billetes_Brutos!B37 -> 22 | C36: =Billetes_Brutos!C37 -> Isabella Rodriguez | D36: =IF(Billetes_Brutos!D37="","Sin correo",Billetes_Brutos!D37) -> isabella.rodriguez22@correo.co | E36: =IF(Billetes_Brutos!E37="","No disponible",Billetes_Brutos!E37) -> 09/11/1985 | F36: =Billetes_Brutos!F37 -> Ocasional | G36: =Billetes_Brutos!G37 -> Bogota Central | H36: =Billetes_Brutos!H37 -> Manizales | I36: =Billetes_Brutos!I37 -> 18/05/2026 | J36: =Billetes_Brutos!O37 -> Primera | K36: =Billetes_Brutos!K37 -> Reembolsado | L36: =IF(Billetes_Brutos!L37="","Por confirmar",Billetes_Brutos!L37) -> 196800 | M36: =Billetes_Brutos!M37 -> 01/06/2026
A37: =Billetes_Brutos!A38 -> 1072 | B37: =Billetes_Brutos!B38 -> 37 | C37: =Billetes_Brutos!C38 -> Daniela Torres | D37: =IF(Billetes_Brutos!D38="","Sin correo",Billetes_Brutos!D38) -> daniela.torres37@correo.co | E37: =IF(Billetes_Brutos!E38="","No disponible",Billetes_Brutos!E38) -> 19/12/1956 | F37: =Billetes_Brutos!F38 -> Ocasional | G37: =Billetes_Brutos!G38 -> Cartagena | H37: =Billetes_Brutos!H38 -> Bogota Central | I37: =Billetes_Brutos!I38 -> 25/05/2026 | J37: =Billetes_Brutos!O38 -> Segunda | K37: =Billetes_Brutos!K38 -> Anulado | L37: =IF(Billetes_Brutos!L38="","Por confirmar",Billetes_Brutos!L38) -> 295400 | M37: =Billetes_Brutos!M38 -> 10/05/2026
A38: =Billetes_Brutos!A39 -> 1014 | B38: =Billetes_Brutos!B39 -> 37 | C38: =Billetes_Brutos!C39 -> Diego Sanchez | D38: =IF(Billetes_Brutos!D39="","Sin correo",Billetes_Brutos!D39) -> diego.sanchez37@correo.co | E38: =IF(Billetes_Brutos!E39="","No disponible",Billetes_Brutos!E39) -> 09/07/1991 | F38: =Billetes_Brutos!F39 -> Abonado | G38: =Billetes_Brutos!G39 -> Medellin | H38: =Billetes_Brutos!H39 -> Cucuta | I38: =Billetes_Brutos!I39 -> 18/06/2026 | J38: =Billetes_Brutos!O39 -> Segunda | K38: =Billetes_Brutos!K39 -> Pagado | L38: =IF(Billetes_Brutos!L39="","Por confirmar",Billetes_Brutos!L39) -> 282600 | M38: =Billetes_Brutos!M39 -> 14/11/2025
A39: =Billetes_Brutos!A40 -> 1119 | B39: =Billetes_Brutos!B40 -> 35 | C39: =Billetes_Brutos!C40 -> Sofia Gonzalez | D39: =IF(Billetes_Brutos!D40="","Sin correo",Billetes_Brutos!D40) -> Sin correo | E39: =IF(Billetes_Brutos!E40="","No disponible",Billetes_Brutos!E40) -> 10/07/1981 | F39: =Billetes_Brutos!F40 -> Ocasional | G39: =Billetes_Brutos!G40 -> Manizales | H39: =Billetes_Brutos!H40 -> Pereira | I39: =Billetes_Brutos!I40 -> 12/02/2026 | J39: =Billetes_Brutos!O40 -> Segunda | K39: =Billetes_Brutos!K40 -> Pagado | L39: =IF(Billetes_Brutos!L40="","Por confirmar",Billetes_Brutos!L40) -> 244900 | M39: =Billetes_Brutos!M40 -> 22/06/2026
A40: =Billetes_Brutos!A41 -> 1133 | B40: =Billetes_Brutos!B41 -> 49 | C40: =Billetes_Brutos!C41 -> Camila Sanchez | D40: =IF(Billetes_Brutos!D41="","Sin correo",Billetes_Brutos!D41) -> camila.sanchez49@correo.co | E40: =IF(Billetes_Brutos!E41="","No disponible",Billetes_Brutos!E41) -> 06/09/1982 | F40: =Billetes_Brutos!F41 -> Ocasional | G40: =Billetes_Brutos!G41 -> Bogota Central | H40: =Billetes_Brutos!H41 -> Medellin | I40: =Billetes_Brutos!I41 -> 11/04/2026 | J40: =Billetes_Brutos!O41 -> Segunda | K40: =Billetes_Brutos!K41 -> Pagado | L40: =IF(Billetes_Brutos!L41="","Por confirmar",Billetes_Brutos!L41) -> 205400 | M40: =Billetes_Brutos!M41 -> 13/11/2025
A41: =Billetes_Brutos!A42 -> 1003 | B41: =Billetes_Brutos!B42 -> 41 | C41: =Billetes_Brutos!C42 -> Manuela Gonzalez | D41: =IF(Billetes_Brutos!D42="","Sin correo",Billetes_Brutos!D42) -> manuela.gonzalez41@correo.co | E41: =IF(Billetes_Brutos!E42="","No disponible",Billetes_Brutos!E42) -> 10/02/1959 | F41: =Billetes_Brutos!F42 -> Abonado | G41: =Billetes_Brutos!G42 -> Cartagena | H41: =Billetes_Brutos!H42 -> Medellin | I41: =Billetes_Brutos!I42 -> 01/03/2026 | J41: =Billetes_Brutos!O42 -> Primera | K41: =Billetes_Brutos!K42 -> Pagado | L41: =IF(Billetes_Brutos!L42="","Por confirmar",Billetes_Brutos!L42) -> 274400 | M41: =Billetes_Brutos!M42 -> 12/12/2025
A42: =Billetes_Brutos!A43 -> 1046 | B42: =Billetes_Brutos!B43 -> 52 | C42: =Billetes_Brutos!C43 -> Gabriela Sanchez | D42: =IF(Billetes_Brutos!D43="","Sin correo",Billetes_Brutos!D43) -> gabriela.sanchez52@correo.co | E42: =IF(Billetes_Brutos!E43="","No disponible",Billetes_Brutos!E43) -> 29/01/1979 | F42: =Billetes_Brutos!F43 -> Ocasional | G42: =Billetes_Brutos!G43 -> Barranquilla | H42: =Billetes_Brutos!H43 -> Medellin | I42: =Billetes_Brutos!I43 -> 13/03/2026 | J42: =Billetes_Brutos!O43 -> Segunda | K42: =Billetes_Brutos!K43 -> Pagado | L42: =IF(Billetes_Brutos!L43="","Por confirmar",Billetes_Brutos!L43) -> 212800 | M42: =Billetes_Brutos!M43 -> 06/02/2026
A43: =Billetes_Brutos!A44 -> 1130 | B43: =Billetes_Brutos!B44 -> 27 | C43: =Billetes_Brutos!C44 -> Manuela Gomez | D43: =IF(Billetes_Brutos!D44="","Sin correo",Billetes_Brutos!D44) -> manuela.gomez27@correo.co | E43: =IF(Billetes_Brutos!E44="","No disponible",Billetes_Brutos!E44) -> 26/12/1980 | F43: =Billetes_Brutos!F44 -> Ocasional | G43: =Billetes_Brutos!G44 -> Manizales | H43: =Billetes_Brutos!H44 -> Barranquilla | I43: =Billetes_Brutos!I44 -> 25/06/2026 | J43: =Billetes_Brutos!O44 -> Segunda | K43: =Billetes_Brutos!K44 -> Pagado | L43: =IF(Billetes_Brutos!L44="","Por confirmar",Billetes_Brutos!L44) -> 61500 | M43: =Billetes_Brutos!M44 -> 21/02/2026
A44: =Billetes_Brutos!A45 -> 1020 | B44: =Billetes_Brutos!B45 -> 27 | C44: =Billetes_Brutos!C45 -> Diego Torres | D44: =IF(Billetes_Brutos!D45="","Sin correo",Billetes_Brutos!D45) -> diego.torres27@correo.co | E44: =IF(Billetes_Brutos!E45="","No disponible",Billetes_Brutos!E45) -> 29/04/1973 | F44: =Billetes_Brutos!F45 -> Ocasional | G44: =Billetes_Brutos!G45 -> Barranquilla | H44: =Billetes_Brutos!H45 -> Cartagena | I44: =Billetes_Brutos!I45 -> 12/04/2026 | J44: =Billetes_Brutos!O45 -> Primera | K44: =Billetes_Brutos!K45 -> Pagado | L44: =IF(Billetes_Brutos!L45="","Por confirmar",Billetes_Brutos!L45) -> 131900 | M44: =Billetes_Brutos!M45 -> 12/05/2026
A45: =Billetes_Brutos!A46 -> 1085 | B45: =Billetes_Brutos!B46 -> 21 | C45: =Billetes_Brutos!C46 -> Manuela Martinez | D45: =IF(Billetes_Brutos!D46="","Sin correo",Billetes_Brutos!D46) -> Sin correo | E45: =IF(Billetes_Brutos!E46="","No disponible",Billetes_Brutos!E46) -> 12/03/2004 | F45: =Billetes_Brutos!F46 -> Ocasional | G45: =Billetes_Brutos!G46 -> Pereira | H45: =Billetes_Brutos!H46 -> Santa Marta | I45: =Billetes_Brutos!I46 -> 17/03/2026 | J45: =Billetes_Brutos!O46 -> Segunda | K45: =Billetes_Brutos!K46 -> Pagado | L45: =IF(Billetes_Brutos!L46="","Por confirmar",Billetes_Brutos!L46) -> 263100 | M45: =Billetes_Brutos!M46 -> 30/11/2025
... A54: =Billetes_Brutos!A55 -> 1000 | B54: =Billetes_Brutos!B55 -> 41 | C54: =Billetes_Brutos!C55 -> Isabella Gomez | D54: =IF(Billetes_Brutos!D55="","Sin correo",Billetes_Brutos!D55) -> isabella.gomez41@correo.co | E54: =IF(Billetes_Brutos!E55="","No disponible",Billetes_Brutos!E55) -> 09/07/1967 | F54: =Billetes_Brutos!F55 -> Abonado | G54: =Billetes_Brutos!G55 -> Santa Marta | H54: =Billetes_Brutos!H55 -> Medellin | I54: =Billetes_Brutos!I55 -> 01/06/2026 | J54: =Billetes_Brutos!O55 -> Segunda | K54: =Billetes_Brutos!K55 -> Pagado | L54: =IF(Billetes_Brutos!L55="","Por confirmar",Billetes_Brutos!L55) -> 109000 | M54: =Billetes_Brutos!M55 -> 04/04/2026
A55: =Billetes_Brutos!A57 -> 1049 | B55: =Billetes_Brutos!B57 -> 24 | C55: =Billetes_Brutos!C57 -> Paula Ramirez | D55: =IF(Billetes_Brutos!D57="","Sin correo",Billetes_Brutos!D57) -> paula.ramirez24@correo.co | E55: =IF(Billetes_Brutos!E57="","No disponible",Billetes_Brutos!E57) -> 18/05/2004 | F55: =Billetes_Brutos!F57 -> Ocasional | G55: =Billetes_Brutos!G57 -> Bucaramanga | H55: =Billetes_Brutos!H57 -> Manizales | I55: =Billetes_Brutos!I57 -> 11/03/2026 | J55: =Billetes_Brutos!O57 -> Primera | K55: =Billetes_Brutos!K57 -> Pagado | L55: =IF(Billetes_Brutos!L57="","Por confirmar",Billetes_Brutos!L57) -> 98000 | M55: =Billetes_Brutos!M57 -> 01/12/2025
A56: =Billetes_Brutos!A58 -> 1043 | B56: =Billetes_Brutos!B58 -> 43 | C56: =Billetes_Brutos!C58 -> Isabella Torres | D56: =IF(Billetes_Brutos!D58="","Sin correo",Billetes_Brutos!D58) -> isabella.torres43@correo.co | E56: =IF(Billetes_Brutos!E58="","No disponible",Billetes_Brutos!E58) -> 27/12/1977 | F56: =Billetes_Brutos!F58 -> Ocasional | G56: =Billetes_Brutos!G58 -> Cali | H56: =Billetes_Brutos!H58 -> Medellin | I56: =Billetes_Brutos!I58 -> 11/02/2026 | J56: =Billetes_Brutos!O58 -> Primera | K56: =Billetes_Brutos!K58 -> Pagado | L56: =IF(Billetes_Brutos!L58="","Por confirmar",Billetes_Brutos!L58) -> Por confirmar | M56: =Billetes_Brutos!M58 -> 19/01/2026
A57: =Billetes_Brutos!A59 -> 1100 | B57: =Billetes_Brutos!B59 -> 5 | C57: =Billetes_Brutos!C59 -> Sofia Sanchez | D57: =IF(Billetes_Brutos!D59="","Sin correo",Billetes_Brutos!D59) -> sofia.sanchez5@correo.co | E57: =IF(Billetes_Brutos!E59="","No disponible",Billetes_Brutos!E59) -> No disponible | F57: =Billetes_Brutos!F59 -> Ocasional | G57: =Billetes_Brutos!G59 -> Medellin | H57: =Billetes_Brutos!H59 -> Cucuta | I57: =Billetes_Brutos!I59 -> 07/06/2026 | J57: =Billetes_Brutos!O59 -> Segunda | K57: =Billetes_Brutos!K59 -> Pagado | L57: =IF(Billetes_Brutos!L59="","Por confirmar",Billetes_Brutos!L59) -> 197400 | M57: =Billetes_Brutos!M59 -> 22/05/2026
A58: =Billetes_Brutos!A60 -> 1074 | B58: =Billetes_Brutos!B60 -> 47 | C58: =Billetes_Brutos!C60 -> Samuel Rodriguez | D58: =IF(Billetes_Brutos!D60="","Sin correo",Billetes_Brutos!D60) -> samuel.rodriguez47@correo.co | E58: =IF(Billetes_Brutos!E60="","No disponible",Billetes_Brutos!E60) -> 11/04/1992 | F58: =Billetes_Brutos!F60 -> Abonado | G58: =Billetes_Brutos!G60 -> Barranquilla | H58: =Billetes_Brutos!H60 -> Cali | I58: =Billetes_Brutos!I60 -> 19/05/2026 | J58: =Billetes_Brutos!O60 -> Primera | K58: =Billetes_Brutos!K60 -> Pagado | L58: =IF(Billetes_Brutos!L60="","Por confirmar",Billetes_Brutos!L60) -> 273400 | M58: =Billetes_Brutos!M60 -> 05/01/2026
A59: =Billetes_Brutos!A61 -> 1125 | B59: =Billetes_Brutos!B61 -> 51 | C59: =Billetes_Brutos!C61 -> Paula Gomez | D59: =IF(Billetes_Brutos!D61="","Sin correo",Billetes_Brutos!D61) -> paula.gomez51@correo.co | E59: =IF(Billetes_Brutos!E61="","No disponible",Billetes_Brutos!E61) -> 06/12/1996 | F59: =Billetes_Brutos!F61 -> Abonado | G59: =Billetes_Brutos!G61 -> Cucuta | H59: =Billetes_Brutos!H61 -> Medellin | I59: =Billetes_Brutos!I61 -> 17/01/2026 | J59: =Billetes_Brutos!O61 -> Primera | K59: =Billetes_Brutos!K61 -> Pagado | L59: =IF(Billetes_Brutos!L61="","Por confirmar",Billetes_Brutos!L61) -> 176600 | M59: =Billetes_Brutos!M61 -> 14/02/2026
A60: =Billetes_Brutos!A62 -> 1021 | B60: =Billetes_Brutos!B62 -> 60 | C60: =Billetes_Brutos!C62 -> Mateo Gomez | D60: =IF(Billetes_Brutos!D62="","Sin correo",Billetes_Brutos!D62) -> mateo.gomez60@correo.co | E60: =IF(Billetes_Brutos!E62="","No disponible",Billetes_Brutos!E62) -> 21/12/1963 | F60: =Billetes_Brutos!F62 -> Abonado | G60: =Billetes_Brutos!G62 -> Santa Marta | H60: =Billetes_Brutos!H62 -> Barranquilla | I60: =Billetes_Brutos!I62 -> 10/05/2026 | J60: =Billetes_Brutos!O62 -> Primera | K60: =Billetes_Brutos!K62 -> Pagado | L60: =IF(Billetes_Brutos!L62="","Por confirmar",Billetes_Brutos!L62) -> 63900 | M60: =Billetes_Brutos!M62 -> 02/01/2026
A61: =Billetes_Brutos!A63 -> 1103 | B61: =Billetes_Brutos!B63 -> 50 | C61: =Billetes_Brutos!C63 -> Juan Torres | D61: =IF(Billetes_Brutos!D63="","Sin correo",Billetes_Brutos!D63) -> Sin correo | E61: =IF(Billetes_Brutos!E63="","No disponible",Billetes_Brutos!E63) -> 08/01/1985 | F61: =Billetes_Brutos!F63 -> Abonado | G61: =Billetes_Brutos!G63 -> Bucaramanga | H61: =Billetes_Brutos!H63 -> Medellin | I61: =Billetes_Brutos!I63 -> 23/05/2026 | J61: =Billetes_Brutos!O63 -> Segunda | K61: =Billetes_Brutos!K63 -> Pagado | L61: =IF(Billetes_Brutos!L63="","Por confirmar",Billetes_Brutos!L63) -> 279200 | M61: =Billetes_Brutos!M63 -> 21/06/2026
A62: =Billetes_Brutos!A64 -> 1063 | B62: =Billetes_Brutos!B64 -> 31 | C62: =Billetes_Brutos!C64 -> Maria Sanchez | D62: =IF(Billetes_Brutos!D64="","Sin correo",Billetes_Brutos!D64) -> maria.sanchez31@correo.co | E62: =IF(Billetes_Brutos!E64="","No disponible",Billetes_Brutos!E64) -> 06/08/2000 | F62: =Billetes_Brutos!F64 -> Abonado | G62: =Billetes_Brutos!G64 -> Medellin | H62: =Billetes_Brutos!H64 -> Cartagena | I62: =Billetes_Brutos!I64 -> 17/04/2026 | J62: =Billetes_Brutos!O64 -> Primera | K62: =Billetes_Brutos!K64 -> Reembolsado | L62: =IF(Billetes_Brutos!L64="","Por confirmar",Billetes_Brutos!L64) -> 270700 | M62: =Billetes_Brutos!M64 -> 12/01/2026
A63: =Billetes_Brutos!A65 -> 1066 | B63: =Billetes_Brutos!B65 -> 32 | C63: =Billetes_Brutos!C65 -> Valentina Martinez | D63: =IF(Billetes_Brutos!D65="","Sin correo",Billetes_Brutos!D65) -> valentina.martinez32@correo.co | E63: =IF(Billetes_Brutos!E65="","No disponible",Billetes_Brutos!E65) -> 02/01/1964 | F63: =Billetes_Brutos!F65 -> Ocasional | G63: =Billetes_Brutos!G65 -> Medellin | H63: =Billetes_Brutos!H65 -> Santa Marta | I63: =Billetes_Brutos!I65 -> 27/04/2026 | J63: =Billetes_Brutos!O65 -> Primera | K63: =Billetes_Brutos!K65 -> Pagado | L63: =IF(Billetes_Brutos!L65="","Por confirmar",Billetes_Brutos!L65) -> 225100 | M63: =Billetes_Brutos!M65 -> 10/12/2025
A64: =Billetes_Brutos!A66 -> 1029 | B64: =Billetes_Brutos!B66 -> 22 | C64: =Billetes_Brutos!C66 -> Santiago Rodriguez | D64: =IF(Billetes_Brutos!D66="","Sin correo",Billetes_Brutos!D66) -> santiago.rodriguez22@correo.co | E64: =IF(Billetes_Brutos!E66="","No disponible",Billetes_Brutos!E66) -> 25/10/1978 | F64: =Billetes_Brutos!F66 -> Abonado | G64: =Billetes_Brutos!G66 -> Medellin | H64: =Billetes_Brutos!H66 -> Pereira | I64: =Billetes_Brutos!I66 -> 30/03/2026 | J64: =Billetes_Brutos!O66 -> Segunda | K64: =Billetes_Brutos!K66 -> Anulado | L64: =IF(Billetes_Brutos!L66="","Por confirmar",Billetes_Brutos!L66) -> 315700 | M64: =Billetes_Brutos!M66 -> 30/11/2025
A65: =Billetes_Brutos!A67 -> 1108 | B65: =Billetes_Brutos!B67 -> 58 | C65: =Billetes_Brutos!C67 -> Sebastian Gonzalez | D65: =IF(Billetes_Brutos!D67="","Sin correo",Billetes_Brutos!D67) -> sebastian.gonzalez58@correo.co | E65: =IF(Billetes_Brutos!E67="","No disponible",Billetes_Brutos!E67) -> 12/07/1994 | F65: =Billetes_Brutos!F67 -> Ocasional | G65: =Billetes_Brutos!G67 -> Cartagena | H65: =Billetes_Brutos!H67 -> Pereira | I65: =Billetes_Brutos!I67 -> 09/05/2026 | J65: =Billetes_Brutos!O67 -> Segunda | K65: =Billetes_Brutos!K67 -> Pagado | L65: =IF(Billetes_Brutos!L67="","Por confirmar",Billetes_Brutos!L67) -> 99900 | M65: =Billetes_Brutos!M67 -> 04/04/2026
A66: =Billetes_Brutos!A68 -> 1006 | B66: =Billetes_Brutos!B68 -> 42 | C66: =Billetes_Brutos!C68 -> Paula Perez | D66: =IF(Billetes_Brutos!D68="","Sin correo",Billetes_Brutos!D68) -> paula.perez42@correo.co | E66: =IF(Billetes_Brutos!E68="","No disponible",Billetes_Brutos!E68) -> 26/10/1967 | F66: =Billetes_Brutos!F68 -> Ocasional | G66: =Billetes_Brutos!G68 -> Cali | H66: =Billetes_Brutos!H68 -> Barranquilla | I66: =Billetes_Brutos!I68 -> 24/05/2026 | J66: =Billetes_Brutos!O68 -> Segunda | K66: =Billetes_Brutos!K68 -> Pagado | L66: =IF(Billetes_Brutos!L68="","Por confirmar",Billetes_Brutos!L68) -> 291900 | M66: =Billetes_Brutos!M68 -> 11/02/2026
... A99: =Billetes_Brutos!A101 -> 1040 | B99: =Billetes_Brutos!B101 -> 2 | C99: =Billetes_Brutos!C101 -> Andres Gonzalez | D99: =IF(Billetes_Brutos!D101="","Sin correo",Billetes_Brutos!D101) -> andres.gonzalez2@correo.co | E99: =IF(Billetes_Brutos!E101="","No disponible",Billetes_Brutos!E101) -> 22/10/1969 | F99: =Billetes_Brutos!F101 -> Ocasional | G99: =Billetes_Brutos!G101 -> Cali | H99: =Billetes_Brutos!H101 -> Santa Marta | I99: =Billetes_Brutos!I101 -> 07/01/2026 | J99: =Billetes_Brutos!O101 -> Segunda | K99: =Billetes_Brutos!K101 -> Pagado | L99: =IF(Billetes_Brutos!L101="","Por confirmar",Billetes_Brutos!L101) -> 68100 | M99: =Billetes_Brutos!M101 -> 18/02/2026
A100: =Billetes_Brutos!A103 -> 1104 | B100: =Billetes_Brutos!B103 -> 39 | C100: =Billetes_Brutos!C103 -> Samuel Gonzalez | D100: =IF(Billetes_Brutos!D103="","Sin correo",Billetes_Brutos!D103) -> Sin correo | E100: =IF(Billetes_Brutos!E103="","No disponible",Billetes_Brutos!E103) -> 20/05/1986 | F100: =Billetes_Brutos!F103 -> Ocasional | G100: =Billetes_Brutos!G103 -> Pereira | H100: =Billetes_Brutos!H103 -> Cali | I100: =Billetes_Brutos!I103 -> 02/06/2026 | J100: =Billetes_Brutos!O103 -> Segunda | K100: =Billetes_Brutos!K103 -> Reembolsado | L100: =IF(Billetes_Brutos!L103="","Por confirmar",Billetes_Brutos!L103) -> 148600 | M100: =Billetes_Brutos!M103 -> 22/05/2026
A101: =Billetes_Brutos!A104 -> 1139 | B101: =Billetes_Brutos!B104 -> 56 | C101: =Billetes_Brutos!C104 -> Santiago Torres | D101: =IF(Billetes_Brutos!D104="","Sin correo",Billetes_Brutos!D104) -> santiago.torres56@correo.co | E101: =IF(Billetes_Brutos!E104="","No disponible",Billetes_Brutos!E104) -> 01/06/1975 | F101: =Billetes_Brutos!F104 -> Abonado | G101: =Billetes_Brutos!G104 -> Cucuta | H101: =Billetes_Brutos!H104 -> Manizales | I101: =Billetes_Brutos!I104 -> 13/02/2026 | J101: =Billetes_Brutos!O104 -> Segunda | K101: =Billetes_Brutos!K104 -> Pagado | L101: =IF(Billetes_Brutos!L104="","Por confirmar",Billetes_Brutos!L104) -> 276300 | M101: =Billetes_Brutos!M104 -> 08/12/2025
A102: =Billetes_Brutos!A105 -> 1026 | B102: =Billetes_Brutos!B105 -> 58 | C102: =Billetes_Brutos!C105 -> Daniela Hernandez | D102: =IF(Billetes_Brutos!D105="","Sin correo",Billetes_Brutos!D105) -> daniela.hernandez58@correo.co | E102: =IF(Billetes_Brutos!E105="","No disponible",Billetes_Brutos!E105) -> 24/09/1986 | F102: =Billetes_Brutos!F105 -> Ocasional | G102: =Billetes_Brutos!G105 -> Cucuta | H102: =Billetes_Brutos!H105 -> Cali | I102: =Billetes_Brutos!I105 -> 02/03/2026 | J102: =Billetes_Brutos!O105 -> Primera | K102: =Billetes_Brutos!K105 -> Reembolsado | L102: =IF(Billetes_Brutos!L105="","Por confirmar",Billetes_Brutos!L105) -> 287400 | M102: =Billetes_Brutos!M105 -> 07/11/2025
A103: =Billetes_Brutos!A106 -> 1090 | B103: =Billetes_Brutos!B106 -> 54 | C103: =Billetes_Brutos!C106 -> Nicolas Gomez | D103: =IF(Billetes_Brutos!D106="","Sin correo",Billetes_Brutos!D106) -> nicolas.gomez54@correo.co | E103: =IF(Billetes_Brutos!E106="","No disponible",Billetes_Brutos!E106) -> 20/09/1982 | F103: =Billetes_Brutos!F106 -> Ocasional | G103: =Billetes_Brutos!G106 -> Bucaramanga | H103: =Billetes_Brutos!H106 -> Bogota Central | I103: =Billetes_Brutos!I106 -> 16/02/2026 | J103: =Billetes_Brutos!O106 -> Primera | K103: =Billetes_Brutos!K106 -> Pagado | L103: =IF(Billetes_Brutos!L106="","Por confirmar",Billetes_Brutos!L106) -> 84000 | M103: =Billetes_Brutos!M106 -> 12/04/2026
A104: =Billetes_Brutos!A107 -> 1036 | B104: =Billetes_Brutos!B107 -> 39 | C104: =Billetes_Brutos!C107 -> Juan Sanchez | D104: =IF(Billetes_Brutos!D107="","Sin correo",Billetes_Brutos!D107) -> juan.sanchez39@correo.co | E104: =IF(Billetes_Brutos!E107="","No disponible",Billetes_Brutos!E107) -> 14/04/2000 | F104: =Billetes_Brutos!F107 -> Ocasional | G104: =Billetes_Brutos!G107 -> Santa Marta | H104: =Billetes_Brutos!H107 -> Manizales | I104: =Billetes_Brutos!I107 -> 10/02/2026 | J104: =Billetes_Brutos!O107 -> Segunda | K104: =Billetes_Brutos!K107 -> Anulado | L104: =IF(Billetes_Brutos!L107="","Por confirmar",Billetes_Brutos!L107) -> 251700 | M104: =Billetes_Brutos!M107 -> 04/06/2026
A105: =Billetes_Brutos!A108 -> 1123 | B105: =Billetes_Brutos!B108 -> 17 | C105: =Billetes_Brutos!C108 -> Julian Hernandez | D105: =IF(Billetes_Brutos!D108="","Sin correo",Billetes_Brutos!D108) -> julian.hernandez17@correo.co | E105: =IF(Billetes_Brutos!E108="","No disponible",Billetes_Brutos!E108) -> 25/01/1999 | F105: =Billetes_Brutos!F108 -> Abonado | G105: =Billetes_Brutos!G108 -> Medellin | H105: =Billetes_Brutos!H108 -> Cali | I105: =Billetes_Brutos!I108 -> 19/01/2026 | J105: =Billetes_Brutos!O108 -> Segunda | K105: =Billetes_Brutos!K108 -> Pagado | L105: =IF(Billetes_Brutos!L108="","Por confirmar",Billetes_Brutos!L108) -> 319200 | M105: =Billetes_Brutos!M108 -> 27/05/2026
A106: =Billetes_Brutos!A109 -> 1109 | B106: =Billetes_Brutos!B109 -> 9 | C106: =Billetes_Brutos!C109 -> Nicolas Gomez | D106: =IF(Billetes_Brutos!D109="","Sin correo",Billetes_Brutos!D109) -> nicolas.gomez9@correo.co | E106: =IF(Billetes_Brutos!E109="","No disponible",Billetes_Brutos!E109) -> 01/10/2004 | F106: =Billetes_Brutos!F109 -> Abonado | G106: =Billetes_Brutos!G109 -> Santa Marta | H106: =Billetes_Brutos!H109 -> Medellin | I106: =Billetes_Brutos!I109 -> 14/03/2026 | J106: =Billetes_Brutos!O109 -> Primera | K106: =Billetes_Brutos!K109 -> Anulado | L106: =IF(Billetes_Brutos!L109="","Por confirmar",Billetes_Brutos!L109) -> 294000 | M106: =Billetes_Brutos!M109 -> 08/12/2025
A107: =Billetes_Brutos!A110 -> 1028 | B107: =Billetes_Brutos!B110 -> 23 | C107: =Billetes_Brutos!C110 -> Sofia Hernandez | D107: =IF(Billetes_Brutos!D110="","Sin correo",Billetes_Brutos!D110) -> sofia.hernandez23@correo.co | E107: =IF(Billetes_Brutos!E110="","No disponible",Billetes_Brutos!E110) -> 30/09/1990 | F107: =Billetes_Brutos!F110 -> Ocasional | G107: =Billetes_Brutos!G110 -> Cartagena | H107: =Billetes_Brutos!H110 -> Medellin | I107: =Billetes_Brutos!I110 -> 13/03/2026 | J107: =Billetes_Brutos!O110 -> Primera | K107: =Billetes_Brutos!K110 -> Pagado | L107: =IF(Billetes_Brutos!L110="","Por confirmar",Billetes_Brutos!L110) -> 314800 | M107: =Billetes_Brutos!M110 -> 18/03/2026
A108: =Billetes_Brutos!A112 -> 1071 | B108: =Billetes_Brutos!B112 -> 44 | C108: =Billetes_Brutos!C112 -> Gabriela Martinez | D108: =IF(Billetes_Brutos!D112="","Sin correo",Billetes_Brutos!D112) -> Sin correo | E108: =IF(Billetes_Brutos!E112="","No disponible",Billetes_Brutos!E112) -> 02/11/1981 | F108: =Billetes_Brutos!F112 -> Ocasional | G108: =Billetes_Brutos!G112 -> Cartagena | H108: =Billetes_Brutos!H112 -> Manizales | I108: =Billetes_Brutos!I112 -> 19/03/2026 | J108: =Billetes_Brutos!O112 -> Primera | K108: =Billetes_Brutos!K112 -> Reembolsado | L108: =IF(Billetes_Brutos!L112="","Por confirmar",Billetes_Brutos!L112) -> 74300 | M108: =Billetes_Brutos!M112 -> 06/02/2026
A109: =Billetes_Brutos!A113 -> 1136 | B109: =Billetes_Brutos!B113 -> 40 | C109: =Billetes_Brutos!C113 -> Isabella Martinez | D109: =IF(Billetes_Brutos!D113="","Sin correo",Billetes_Brutos!D113) -> isabella.martinez40@correo.co | E109: =IF(Billetes_Brutos!E113="","No disponible",Billetes_Brutos!E113) -> 03/06/1985 | F109: =Billetes_Brutos!F113 -> Ocasional | G109: =Billetes_Brutos!G113 -> Cali | H109: =Billetes_Brutos!H113 -> Barranquilla | I109: =Billetes_Brutos!I113 -> 04/06/2026 | J109: =Billetes_Brutos!O113 -> Segunda | K109: =Billetes_Brutos!K113 -> Pagado | L109: =IF(Billetes_Brutos!L113="","Por confirmar",Billetes_Brutos!L113) -> Por confirmar | M109: =Billetes_Brutos!M113 -> 10/11/2025
A110: =Billetes_Brutos!A114 -> 1031 | B110: =Billetes_Brutos!B114 -> 47 | C110: =Billetes_Brutos!C114 -> Sofia Ramirez | D110: =IF(Billetes_Brutos!D114="","Sin correo",Billetes_Brutos!D114) -> sofia.ramirez47@correo.co | E110: =IF(Billetes_Brutos!E114="","No disponible",Billetes_Brutos!E114) -> 06/02/1991 | F110: =Billetes_Brutos!F114 -> Ocasional | G110: =Billetes_Brutos!G114 -> Santa Marta | H110: =Billetes_Brutos!H114 -> Cali | I110: =Billetes_Brutos!I114 -> 19/02/2026 | J110: =Billetes_Brutos!O114 -> Segunda | K110: =Billetes_Brutos!K114 -> Pagado | L110: =IF(Billetes_Brutos!L114="","Por confirmar",Billetes_Brutos!L114) -> 250700 | M110: =Billetes_Brutos!M114 -> 15/12/2025
A111: =Billetes_Brutos!A115 -> 1024 | B111: =Billetes_Brutos!B115 -> 54 | C111: =Billetes_Brutos!C115 -> Nicolas Gomez | D111: =IF(Billetes_Brutos!D115="","Sin correo",Billetes_Brutos!D115) -> Sin correo | E111: =IF(Billetes_Brutos!E115="","No disponible",Billetes_Brutos!E115) -> 02/07/1978 | F111: =Billetes_Brutos!F115 -> Abonado | G111: =Billetes_Brutos!G115 -> Manizales | H111: =Billetes_Brutos!H115 -> Santa Marta | I111: =Billetes_Brutos!I115 -> 30/06/2026 | J111: =Billetes_Brutos!O115 -> Segunda | K111: =Billetes_Brutos!K115 -> Pagado | L111: =IF(Billetes_Brutos!L115="","Por confirmar",Billetes_Brutos!L115) -> 304900 | M111: =Billetes_Brutos!M115 -> 26/04/2026
A112: =Billetes_Brutos!A116 -> 1061 | B112: =Billetes_Brutos!B116 -> 29 | C112: =Billetes_Brutos!C116 -> Valentina Hernandez | D112: =IF(Billetes_Brutos!D116="","Sin correo",Billetes_Brutos!D116) -> valentina.hernandez29@correo.co | E112: =IF(Billetes_Brutos!E116="","No disponible",Billetes_Brutos!E116) -> 03/11/1980 | F112: =Billetes_Brutos!F116 -> Ocasional | G112: =Billetes_Brutos!G116 -> Manizales | H112: =Billetes_Brutos!H116 -> Medellin | I112: =Billetes_Brutos!I116 -> 08/01/2026 | J112: =Billetes_Brutos!O116 -> Segunda | K112: =Billetes_Brutos!K116 -> Pagado | L112: =IF(Billetes_Brutos!L116="","Por confirmar",Billetes_Brutos!L116) -> 88600 | M112: =Billetes_Brutos!M116 -> 22/03/2026
A113: =Billetes_Brutos!A117 -> 1078 | B113: =Billetes_Brutos!B117 -> 27 | C113: =Billetes_Brutos!C117 -> Isabella Martinez | D113: =IF(Billetes_Brutos!D117="","Sin correo",Billetes_Brutos!D117) -> Sin correo | E113: =IF(Billetes_Brutos!E117="","No disponible",Billetes_Brutos!E117) -> No disponible | F113: =Billetes_Brutos!F117 -> Ocasional | G113: =Billetes_Brutos!G117 -> Medellin | H113: =Billetes_Brutos!H117 -> Cucuta | I113: =Billetes_Brutos!I117 -> 02/03/2026 | J113: =Billetes_Brutos!O117 -> Segunda | K113: =Billetes_Brutos!K117 -> Pagado | L113: =IF(Billetes_Brutos!L117="","Por confirmar",Billetes_Brutos!L117) -> 229400 | M113: =Billetes_Brutos!M117 -> 10/05/2026
A114: =Billetes_Brutos!A118 -> 1033 | B114: =Billetes_Brutos!B118 -> 33 | C114: =Billetes_Brutos!C118 -> Paula Martinez | D114: =IF(Billetes_Brutos!D118="","Sin correo",Billetes_Brutos!D118) -> paula.martinez33@correo.co | E114: =IF(Billetes_Brutos!E118="","No disponible",Billetes_Brutos!E118) -> 26/01/1985 | F114: =Billetes_Brutos!F118 -> Abonado | G114: =Billetes_Brutos!G118 -> Barranquilla | H114: =Billetes_Brutos!H118 -> Cartagena | I114: =Billetes_Brutos!I118 -> 27/02/2026 | J114: =Billetes_Brutos!O118 -> Primera | K114: =Billetes_Brutos!K118 -> Pagado | L114: =IF(Billetes_Brutos!L118="","Por confirmar",Billetes_Brutos!L118) -> Por confirmar | M114: =Billetes_Brutos!M118 -> 02/03/2026
A115: =Billetes_Brutos!A119 -> 1088 | B115: =Billetes_Brutos!B119 -> 8 | C115: =Billetes_Brutos!C119 -> Laura Gonzalez | D115: =IF(Billetes_Brutos!D119="","Sin correo",Billetes_Brutos!D119) -> laura.gonzalez8@correo.co | E115: =IF(Billetes_Brutos!E119="","No disponible",Billetes_Brutos!E119) -> 10/12/1992 | F115: =Billetes_Brutos!F119 -> Abonado | G115: =Billetes_Brutos!G119 -> Cartagena | H115: =Billetes_Brutos!H119 -> Cucuta | I115: =Billetes_Brutos!I119 -> 01/04/2026 | J115: =Billetes_Brutos!O119 -> Primera | K115: =Billetes_Brutos!K119 -> Pagado | L115: =IF(Billetes_Brutos!L119="","Por confirmar",Billetes_Brutos!L119) -> 225600 | M115: =Billetes_Brutos!M119 -> 28/12/2025
A116: =Billetes_Brutos!A120 -> 1102 | B116: =Billetes_Brutos!B120 -> 22 | C116: =Billetes_Brutos!C120 -> Mateo Ramirez | D116: =IF(Billetes_Brutos!D120="","Sin correo",Billetes_Brutos!D120) -> mateo.ramirez22@correo.co | E116: =IF(Billetes_Brutos!E120="","No disponible",Billetes_Brutos!E120) -> No disponible | F116: =Billetes_Brutos!F120 -> Ocasional | G116: =Billetes_Brutos!G120 -> Manizales | H116: =Billetes_Brutos!H120 -> Santa Marta | I116: =Billetes_Brutos!I120 -> 14/05/2026 | J116: =Billetes_Brutos!O120 -> Segunda | K116: =Billetes_Brutos!K120 -> Pagado | L116: =IF(Billetes_Brutos!L120="","Por confirmar",Billetes_Brutos!L120) -> 122800 | M116: =Billetes_Brutos!M120 -> 13/02/2026
A117: =Billetes_Brutos!A121 -> 1082 | B117: =Billetes_Brutos!B121 -> 51 | C117: =Billetes_Brutos!C121 -> Manuela Gomez | D117: =IF(Billetes_Brutos!D121="","Sin correo",Billetes_Brutos!D121) -> manuela.gomez51@correo.co | E117: =IF(Billetes_Brutos!E121="","No disponible",Billetes_Brutos!E121) -> 30/08/1966 | F117: =Billetes_Brutos!F121 -> Ocasional | G117: =Billetes_Brutos!G121 -> Cali | H117: =Billetes_Brutos!H121 -> Medellin | I117: =Billetes_Brutos!I121 -> 19/06/2026 | J117: =Billetes_Brutos!O121 -> Primera | K117: =Billetes_Brutos!K121 -> Pagado | L117: =IF(Billetes_Brutos!L121="","Por confirmar",Billetes_Brutos!L121) -> 261800 | M117: =Billetes_Brutos!M121 -> 31/03/2026
A118: =Billetes_Brutos!A122 -> 1127 | B118: =Billetes_Brutos!B122 -> 50 | C118: =Billetes_Brutos!C122 -> Samuel Perez | D118: =IF(Billetes_Brutos!D122="","Sin correo",Billetes_Brutos!D122) -> samuel.perez50@correo.co | E118: =IF(Billetes_Brutos!E122="","No disponible",Billetes_Brutos!E122) -> 20/02/1966 | F118: =Billetes_Brutos!F122 -> Abonado | G118: =Billetes_Brutos!G122 -> Cartagena | H118: =Billetes_Brutos!H122 -> Cali | I118: =Billetes_Brutos!I122 -> 11/02/2026 | J118: =Billetes_Brutos!O122 -> Primera | K118: =Billetes_Brutos!K122 -> Reembolsado | L118: =IF(Billetes_Brutos!L122="","Por confirmar",Billetes_Brutos!L122) -> 305600 | M118: =Billetes_Brutos!M122 -> 13/03/2026
A119: =Billetes_Brutos!A123 -> 1092 | B119: =Billetes_Brutos!B123 -> 40 | C119: =Billetes_Brutos!C123 -> Valentina Rodriguez | D119: =IF(Billetes_Brutos!D123="","Sin correo",Billetes_Brutos!D123) -> valentina.rodriguez40@correo.co | E119: =IF(Billetes_Brutos!E123="","No disponible",Billetes_Brutos!E123) -> 28/07/1998 | F119: =Billetes_Brutos!F123 -> Ocasional | G119: =Billetes_Brutos!G123 -> Pereira | H119: =Billetes_Brutos!H123 -> Cartagena | I119: =Billetes_Brutos!I123 -> 25/02/2026 | J119: =Billetes_Brutos!O123 -> Segunda | K119: =Billetes_Brutos!K123 -> Pagado | L119: =IF(Billetes_Brutos!L123="","Por confirmar",Billetes_Brutos!L123) -> 122900 | M119: =Billetes_Brutos!M123 -> 23/04/2026
... A127: =Billetes_Brutos!A131 -> 1044 | B127: =Billetes_Brutos!B131 -> 37 | C127: =Billetes_Brutos!C131 -> Andres Perez | D127: =IF(Billetes_Brutos!D131="","Sin correo",Billetes_Brutos!D131) -> andres.perez37@correo.co | E127: =IF(Billetes_Brutos!E131="","No disponible",Billetes_Brutos!E131) -> 14/10/1976 | F127: =Billetes_Brutos!F131 -> Abonado | G127: =Billetes_Brutos!G131 -> Cartagena | H127: =Billetes_Brutos!H131 -> Medellin | I127: =Billetes_Brutos!I131 -> 25/05/2026 | J127: =Billetes_Brutos!O131 -> Primera | K127: =Billetes_Brutos!K131 -> Pagado | L127: =IF(Billetes_Brutos!L131="","Por confirmar",Billetes_Brutos!L131) -> 146900 | M127: =Billetes_Brutos!M131 -> 10/03/2026
A128: =Billetes_Brutos!A133 -> 1096 | B128: =Billetes_Brutos!B133 -> 52 | C128: =Billetes_Brutos!C133 -> Manuela Sanchez | D128: =IF(Billetes_Brutos!D133="","Sin correo",Billetes_Brutos!D133) -> manuela.sanchez52@correo.co | E128: =IF(Billetes_Brutos!E133="","No disponible",Billetes_Brutos!E133) -> 27/11/1962 | F128: =Billetes_Brutos!F133 -> Ocasional | G128: =Billetes_Brutos!G133 -> Medellin | H128: =Billetes_Brutos!H133 -> Barranquilla | I128: =Billetes_Brutos!I133 -> 22/04/2026 | J128: =Billetes_Brutos!O133 -> Segunda | K128: =Billetes_Brutos!K133 -> Pagado | L128: =IF(Billetes_Brutos!L133="","Por confirmar",Billetes_Brutos!L133) -> 284400 | M128: =Billetes_Brutos!M133 -> 10/05/2026
A129: =Billetes_Brutos!A134 -> 1122 | B129: =Billetes_Brutos!B134 -> 5 | C129: =Billetes_Brutos!C134 -> Diego Martinez | D129: =IF(Billetes_Brutos!D134="","Sin correo",Billetes_Brutos!D134) -> diego.martinez5@correo.co | E129: =IF(Billetes_Brutos!E134="","No disponible",Billetes_Brutos!E134) -> 02/01/1980 | F129: =Billetes_Brutos!F134 -> Abonado | G129: =Billetes_Brutos!G134 -> Medellin | H129: =Billetes_Brutos!H134 -> Bogota Central | I129: =Billetes_Brutos!I134 -> 17/02/2026 | J129: =Billetes_Brutos!O134 -> Segunda | K129: =Billetes_Brutos!K134 -> Pagado | L129: =IF(Billetes_Brutos!L134="","Por confirmar",Billetes_Brutos!L134) -> 77400 | M129: =Billetes_Brutos!M134 -> 18/05/2026
A130: =Billetes_Brutos!A135 -> 1083 | B130: =Billetes_Brutos!B135 -> 21 | C130: =Billetes_Brutos!C135 -> Santiago Martinez | D130: =IF(Billetes_Brutos!D135="","Sin correo",Billetes_Brutos!D135) -> santiago.martinez21@correo.co | E130: =IF(Billetes_Brutos!E135="","No disponible",Billetes_Brutos!E135) -> 07/10/1992 | F130: =Billetes_Brutos!F135 -> Abonado | G130: =Billetes_Brutos!G135 -> Medellin | H130: =Billetes_Brutos!H135 -> Manizales | I130: =Billetes_Brutos!I135 -> 25/04/2026 | J130: =Billetes_Brutos!O135 -> Primera | K130: =Billetes_Brutos!K135 -> Pagado | L130: =IF(Billetes_Brutos!L135="","Por confirmar",Billetes_Brutos!L135) -> 183600 | M130: =Billetes_Brutos!M135 -> 07/04/2026
A131: =Billetes_Brutos!A136 -> 1053 | B131: =Billetes_Brutos!B136 -> 39 | C131: =Billetes_Brutos!C136 -> Manuela Torres | D131: =IF(Billetes_Brutos!D136="","Sin correo",Billetes_Brutos!D136) -> manuela.torres39@correo.co | E131: =IF(Billetes_Brutos!E136="","No disponible",Billetes_Brutos!E136) -> 02/06/1995 | F131: =Billetes_Brutos!F136 -> Ocasional | G131: =Billetes_Brutos!G136 -> Cartagena | H131: =Billetes_Brutos!H136 -> Pereira | I131: =Billetes_Brutos!I136 -> 20/03/2026 | J131: =Billetes_Brutos!O136 -> Segunda | K131: =Billetes_Brutos!K136 -> Pagado | L131: =IF(Billetes_Brutos!L136="","Por confirmar",Billetes_Brutos!L136) -> 248500 | M131: =Billetes_Brutos!M136 -> 15/05/2026
A132: =Billetes_Brutos!A137 -> 1132 | B132: =Billetes_Brutos!B137 -> 18 | C132: =Billetes_Brutos!C137 -> Julian Hernandez | D132: =IF(Billetes_Brutos!D137="","Sin correo",Billetes_Brutos!D137) -> julian.hernandez18@correo.co | E132: =IF(Billetes_Brutos!E137="","No disponible",Billetes_Brutos!E137) -> No disponible | F132: =Billetes_Brutos!F137 -> Ocasional | G132: =Billetes_Brutos!G137 -> Cucuta | H132: =Billetes_Brutos!H137 -> Pereira | I132: =Billetes_Brutos!I137 -> 05/03/2026 | J132: =Billetes_Brutos!O137 -> Primera | K132: =Billetes_Brutos!K137 -> Anulado | L132: =IF(Billetes_Brutos!L137="","Por confirmar",Billetes_Brutos!L137) -> 243300 | M132: =Billetes_Brutos!M137 -> 19/12/2025
A133: =Billetes_Brutos!A138 -> 1035 | B133: =Billetes_Brutos!B138 -> 56 | C133: =Billetes_Brutos!C138 -> Isabella Perez | D133: =IF(Billetes_Brutos!D138="","Sin correo",Billetes_Brutos!D138) -> isabella.perez56@correo.co | E133: =IF(Billetes_Brutos!E138="","No disponible",Billetes_Brutos!E138) -> 20/06/2001 | F133: =Billetes_Brutos!F138 -> Ocasional | G133: =Billetes_Brutos!G138 -> Bogota Central | H133: =Billetes_Brutos!H138 -> Santa Marta | I133: =Billetes_Brutos!I138 -> 05/03/2026 | J133: =Billetes_Brutos!O138 -> Primera | K133: =Billetes_Brutos!K138 -> Pagado | L133: =IF(Billetes_Brutos!L138="","Por confirmar",Billetes_Brutos!L138) -> 228600 | M133: =Billetes_Brutos!M138 -> 24/03/2026
A134: =Billetes_Brutos!A139 -> 1015 | B134: =Billetes_Brutos!B139 -> 44 | C134: =Billetes_Brutos!C139 -> Isabella Gomez | D134: =IF(Billetes_Brutos!D139="","Sin correo",Billetes_Brutos!D139) -> isabella.gomez44@correo.co | E134: =IF(Billetes_Brutos!E139="","No disponible",Billetes_Brutos!E139) -> 20/10/1964 | F134: =Billetes_Brutos!F139 -> Abonado | G134: =Billetes_Brutos!G139 -> Barranquilla | H134: =Billetes_Brutos!H139 -> Cucuta | I134: =Billetes_Brutos!I139 -> 18/05/2026 | J134: =Billetes_Brutos!O139 -> Segunda | K134: =Billetes_Brutos!K139 -> Pagado | L134: =IF(Billetes_Brutos!L139="","Por confirmar",Billetes_Brutos!L139) -> 172200 | M134: =Billetes_Brutos!M139 -> 12/06/2026
A135: =Billetes_Brutos!A140 -> 1120 | B135: =Billetes_Brutos!B140 -> 23 | C135: =Billetes_Brutos!C140 -> Manuela Perez | D135: =IF(Billetes_Brutos!D140="","Sin correo",Billetes_Brutos!D140) -> manuela.perez23@correo.co | E135: =IF(Billetes_Brutos!E140="","No disponible",Billetes_Brutos!E140) -> 23/02/1960 | F135: =Billetes_Brutos!F140 -> Abonado | G135: =Billetes_Brutos!G140 -> Pereira | H135: =Billetes_Brutos!H140 -> Bucaramanga | I135: =Billetes_Brutos!I140 -> 12/05/2026 | J135: =Billetes_Brutos!O140 -> Segunda | K135: =Billetes_Brutos!K140 -> Pagado | L135: =IF(Billetes_Brutos!L140="","Por confirmar",Billetes_Brutos!L140) -> 84300 | M135: =Billetes_Brutos!M140 -> 05/04/2026
A136: =Billetes_Brutos!A141 -> 1128 | B136: =Billetes_Brutos!B141 -> 58 | C136: =Billetes_Brutos!C141 -> Sofia Rodriguez | D136: =IF(Billetes_Brutos!D141="","Sin correo",Billetes_Brutos!D141) -> sofia.rodriguez58@correo.co | E136: =IF(Billetes_Brutos!E141="","No disponible",Billetes_Brutos!E141) -> 01/06/2004 | F136: =Billetes_Brutos!F141 -> Ocasional | G136: =Billetes_Brutos!G141 -> Cali | H136: =Billetes_Brutos!H141 -> Cartagena | I136: =Billetes_Brutos!I141 -> 07/06/2026 | J136: =Billetes_Brutos!O141 -> Segunda | K136: =Billetes_Brutos!K141 -> Pagado | L136: =IF(Billetes_Brutos!L141="","Por confirmar",Billetes_Brutos!L141) -> 207700 | M136: =Billetes_Brutos!M141 -> 29/03/2026
A137: =Billetes_Brutos!A143 -> 1052 | B137: =Billetes_Brutos!B143 -> 17 | C137: =Billetes_Brutos!C143 -> Paula Rodriguez | D137: =IF(Billetes_Brutos!D143="","Sin correo",Billetes_Brutos!D143) -> paula.rodriguez17@correo.co | E137: =IF(Billetes_Brutos!E143="","No disponible",Billetes_Brutos!E143) -> 24/08/1961 | F137: =Billetes_Brutos!F143 -> Abonado | G137: =Billetes_Brutos!G143 -> Cali | H137: =Billetes_Brutos!H143 -> Cucuta | I137: =Billetes_Brutos!I143 -> 25/05/2026 | J137: =Billetes_Brutos!O143 -> Primera | K137: =Billetes_Brutos!K143 -> Pagado | L137: =IF(Billetes_Brutos!L143="","Por confirmar",Billetes_Brutos!L143) -> 198500 | M137: =Billetes_Brutos!M143 -> 15/02/2026
A138: =Billetes_Brutos!A144 -> 1105 | B138: =Billetes_Brutos!B144 -> 22 | C138: =Billetes_Brutos!C144 -> Samuel Ramirez | D138: =IF(Billetes_Brutos!D144="","Sin correo",Billetes_Brutos!D144) -> Sin correo | E138: =IF(Billetes_Brutos!E144="","No disponible",Billetes_Brutos!E144) -> 14/08/2000 | F138: =Billetes_Brutos!F144 -> Ocasional | G138: =Billetes_Brutos!G144 -> Bogota Central | H138: =Billetes_Brutos!H144 -> Bucaramanga | I138: =Billetes_Brutos!I144 -> 21/03/2026 | J138: =Billetes_Brutos!O144 -> Primera | K138: =Billetes_Brutos!K144 -> Reembolsado | L138: =IF(Billetes_Brutos!L144="","Por confirmar",Billetes_Brutos!L144) -> 255700 | M138: =Billetes_Brutos!M144 -> 20/12/2025
A139: =Billetes_Brutos!A145 -> 1038 | B139: =Billetes_Brutos!B145 -> 25 | C139: =Billetes_Brutos!C145 -> Samuel Hernandez | D139: =IF(Billetes_Brutos!D145="","Sin correo",Billetes_Brutos!D145) -> Sin correo | E139: =IF(Billetes_Brutos!E145="","No disponible",Billetes_Brutos!E145) -> 06/09/2003 | F139: =Billetes_Brutos!F145 -> Ocasional | G139: =Billetes_Brutos!G145 -> Pereira | H139: =Billetes_Brutos!H145 -> Bogota Central | I139: =Billetes_Brutos!I145 -> 22/02/2026 | J139: =Billetes_Brutos!O145 -> Segunda | K139: =Billetes_Brutos!K145 -> Pagado | L139: =IF(Billetes_Brutos!L145="","Por confirmar",Billetes_Brutos!L145) -> 305200 | M139: =Billetes_Brutos!M145 -> 06/11/2025
A140: =Billetes_Brutos!A146 -> 1107 | B140: =Billetes_Brutos!B146 -> 52 | C140: =Billetes_Brutos!C146 -> Camila Sanchez | D140: =IF(Billetes_Brutos!D146="","Sin correo",Billetes_Brutos!D146) -> Sin correo | E140: =IF(Billetes_Brutos!E146="","No disponible",Billetes_Brutos!E146) -> 23/04/1976 | F140: =Billetes_Brutos!F146 -> Ocasional | G140: =Billetes_Brutos!G146 -> Cucuta | H140: =Billetes_Brutos!H146 -> Cartagena | I140: =Billetes_Brutos!I146 -> 25/04/2026 | J140: =Billetes_Brutos!O146 -> Primera | K140: =Billetes_Brutos!K146 -> Pagado | L140: =IF(Billetes_Brutos!L146="","Por confirmar",Billetes_Brutos!L146) -> 267400 | M140: =Billetes_Brutos!M146 -> 01/03/2026
A141: =Billetes_Brutos!A147 -> 1080 | B141: =Billetes_Brutos!B147 -> 55 | C141: =Billetes_Brutos!C147 -> Daniela Rodriguez | D141: =IF(Billetes_Brutos!D147="","Sin correo",Billetes_Brutos!D147) -> daniela.rodriguez55@correo.co | E141: =IF(Billetes_Brutos!E147="","No disponible",Billetes_Brutos!E147) -> 07/03/1987 | F141: =Billetes_Brutos!F147 -> Abonado | G141: =Billetes_Brutos!G147 -> Pereira | H141: =Billetes_Brutos!H147 -> Cartagena | I141: =Billetes_Brutos!I147 -> 18/02/2026 | J141: =Billetes_Brutos!O147 -> Primera | K141: =Billetes_Brutos!K147 -> Reembolsado | L141: =IF(Billetes_Brutos!L147="","Por confirmar",Billetes_Brutos!L147) -> 70200 | M141: =Billetes_Brutos!M147 -> 25/12/2025
A143: Base limpia: 140 billetes unicos (se retiraron 6 duplicados). Clase uniformizada via Referencias. Correos/fechas de nacimiento/precios faltantes senalados en vez de inventados (revisar antes de un uso comercial real).
